[{"model": "admin.logentry", "pk": 1, "fields": {"action_time": "2023-01-08T12:09:57.832Z", "user": 1, "content_type": 7, "object_id": "1", "object_repr": "viditraj20@gmail.com", "action_flag": 1, "change_message": "[{\"added\": {}}]"}}, {"model": "admin.logentry", "pk": 2, "fields": {"action_time": "2023-01-08T14:29:33.393Z", "user": 1, "content_type": 6, "object_id": "2", "object_repr": "", "action_flag": 1, "change_message": "[{\"added\": {}}]"}}, {"model": "admin.logentry", "pk": 3, "fields": {"action_time": "2023-01-09T09:07:05.495Z", "user": 1, "content_type": 6, "object_id": "2", "object_repr": "viditraj21@gmail.com", "action_flag": 2, "change_message": "[{\"changed\": {\"fields\": [\"First name\", \"Last name\", \"Email\", \"Phone number\"]}}]"}}, {"model": "admin.logentry", "pk": 4, "fields": {"action_time": "2023-01-10T08:27:54.088Z", "user": 1, "content_type": 6, "object_id": "10", "object_repr": "rockingvidit860@gmail.com", "action_flag": 3, "change_message": ""}}, {"model": "admin.logentry", "pk": 5, "fields": {"action_time": "2023-01-10T08:27:54.098Z", "user": 1, "content_type": 6, "object_id": "9", "object_repr": "john@gmail.com", "action_flag": 3, "change_message": ""}}, {"model": "admin.logentry", "pk": 6, "fields": {"action_time": "2023-01-10T08:27:54.099Z", "user": 1, "content_type": 6, "object_id": "5", "object_repr": "km@gmail.com", "action_flag": 3, "change_message": ""}}, {"model": "admin.logentry", "pk": 7, "fields": {"action_time": "2023-01-10T08:27:54.100Z", "user": 1, "content_type": 6, "object_id": "7", "object_repr": "loli@gmail.com", "action_flag": 3, "change_message": ""}}, {"model": "admin.logentry", "pk": 8, "fields": {"action_time": "2023-01-10T08:27:54.101Z", "user": 1, "content_type": 6, "object_id": "4", "object_repr": "lolo@gmail.com", "action_flag": 3, "change_message": ""}}, {"model": "admin.logentry", "pk": 9, "fields": {"action_time": "2023-01-10T08:27:54.102Z", "user": 1, "content_type": 6, "object_id": "6", "object_repr": "miller@gmail.com", "action_flag": 3, "change_message": ""}}, {"model": "admin.logentry", "pk": 10, "fields": {"action_time": "2023-01-10T08:27:54.102Z", "user": 1, "content_type": 6, "object_id": "14", "object_repr": "raj@gmail.com", "action_flag": 3, "change_message": ""}}, {"model": "admin.logentry", "pk": 11, "fields": {"action_time": "2023-01-10T08:27:54.103Z", "user": 1, "content_type": 6, "object_id": "15", "object_repr": "rajkumar@gmail.com", "action_flag": 3, "change_message": ""}}, {"model": "admin.logentry", "pk": 12, "fields": {"action_time": "2023-01-10T08:27:54.104Z", "user": 1, "content_type": 6, "object_id": "8", "object_repr": "rozy@gmail.com", "action_flag": 3, "change_message": ""}}, {"model": "admin.logentry", "pk": 13, "fields": {"action_time": "2023-01-10T08:27:54.105Z", "user": 1, "content_type": 6, "object_id": "12", "object_repr": "saroj@gmail.com", "action_flag": 3, "change_message": ""}}, {"model": "admin.logentry", "pk": 14, "fields": {"action_time": "2023-01-10T08:27:54.106Z", "user": 1, "content_type": 6, "object_id": "13", "object_repr": "shat@gmail.com", "action_flag": 3, "change_message": ""}}, {"model": "admin.logentry", "pk": 15, "fields": {"action_time": "2023-01-10T08:27:54.106Z", "user": 1, "content_type": 6, "object_id": "2", "object_repr": "viditraj21@gmail.com", "action_flag": 3, "change_message": ""}}, {"model": "admin.logentry", "pk": 16, "fields": {"action_time": "2023-01-10T08:27:54.107Z", "user": 1, "content_type": 6, "object_id": "11", "object_repr": "viren@gmail.com", "action_flag": 3, "change_message": ""}}, {"model": "admin.logentry", "pk": 17, "fields": {"action_time": "2023-01-10T08:29:23.107Z", "user": 1, "content_type": 6, "object_id": "3", "object_repr": "test@gmail.com", "action_flag": 2, "change_message": "[{\"changed\": {\"fields\": [\"Is active\"]}}]"}}, {"model": "admin.logentry", "pk": 18, "fields": {"action_time": "2023-01-10T08:58:54.774Z", "user": 1, "content_type": 6, "object_id": "3", "object_repr": "test@gmail.com", "action_flag": 2, "change_message": "[{\"changed\": {\"fields\": [\"Role\"]}}]"}}, {"model": "admin.logentry", "pk": 19, "fields": {"action_time": "2023-01-10T09:07:51.769Z", "user": 1, "content_type": 6, "object_id": "16", "object_repr": "rajakadhaba@gmail.com", "action_flag": 2, "change_message": "[{\"changed\": {\"fields\": [\"Is active\"]}}]"}}, {"model": "admin.logentry", "pk": 20, "fields": {"action_time": "2023-01-10T14:32:41.888Z", "user": 1, "content_type": 6, "object_id": "17", "object_repr": "rihid45540@themesw.com", "action_flag": 3, "change_message": ""}}, {"model": "admin.logentry", "pk": 21, "fields": {"action_time": "2023-01-10T14:36:19.205Z", "user": 1, "content_type": 6, "object_id": "18", "object_repr": "rihid45540@themesw.com", "action_flag": 3, "change_message": ""}}, {"model": "admin.logentry", "pk": 22, "fields": {"action_time": "2023-01-10T14:38:46.247Z", "user": 1, "content_type": 6, "object_id": "19", "object_repr": "rihid45540@themesw.com", "action_flag": 3, "change_message": ""}}, {"model": "admin.logentry", "pk": 23, "fields": {"action_time": "2023-01-10T14:41:21.841Z", "user": 1, "content_type": 6, "object_id": "20", "object_repr": "\"to\" argument must be a list or tuple", "action_flag": 3, "change_message": ""}}, {"model": "admin.logentry", "pk": 24, "fields": {"action_time": "2023-01-10T14:49:35.246Z", "user": 1, "content_type": 6, "object_id": "21", "object_repr": "rihid45540@themesw.com", "action_flag": 3, "change_message": ""}}, {"model": "admin.logentry", "pk": 25, "fields": {"action_time": "2023-01-10T15:01:07.618Z", "user": 1, "content_type": 6, "object_id": "22", "object_repr": "rihid45540@themesw.com", "action_flag": 3, "change_message": ""}}, {"model": "admin.logentry", "pk": 26, "fields": {"action_time": "2023-01-10T16:44:14.500Z", "user": 1, "content_type": 6, "object_id": "16", "object_repr": "rajakadhaba@gmail.com", "action_flag": 3, "change_message": ""}}, {"model": "admin.logentry", "pk": 27, "fields": {"action_time": "2023-01-10T16:44:14.507Z", "user": 1, "content_type": 6, "object_id": "3", "object_repr": "test@gmail.com", "action_flag": 3, "change_message": ""}}, {"model": "admin.logentry", "pk": 28, "fields": {"action_time": "2023-01-10T16:44:14.509Z", "user": 1, "content_type": 6, "object_id": "23", "object_repr": "rihid45540@themesw.com", "action_flag": 3, "change_message": ""}}, {"model": "admin.logentry", "pk": 29, "fields": {"action_time": "2023-01-11T07:04:15.835Z", "user": 1, "content_type": 6, "object_id": "24", "object_repr": "rihid45540@themesw.com", "action_flag": 3, "change_message": ""}}, {"model": "admin.logentry", "pk": 30, "fields": {"action_time": "2023-01-11T07:06:26.021Z", "user": 1, "content_type": 8, "object_id": "3", "object_repr": "rajakadhaba", "action_flag": 2, "change_message": "[{\"changed\": {\"fields\": [\"Is approved\"]}}]"}}, {"model": "admin.logentry", "pk": 31, "fields": {"action_time": "2023-01-11T07:07:32.345Z", "user": 1, "content_type": 8, "object_id": "3", "object_repr": "rajakadhaba", "action_flag": 2, "change_message": "[]"}}, {"model": "admin.logentry", "pk": 32, "fields": {"action_time": "2023-01-11T12:14:30.401Z", "user": 1, "content_type": 7, "object_id": "32", "object_repr": "rihid45540@themesw.com", "action_flag": 2, "change_message": "[{\"changed\": {\"fields\": [\"Profile picture\", \"Cover photo\", \"Address line 1\", \"Address line 2\", \"Country\", \"State\", \"City\", \"Pin code\"]}}]"}}, {"model": "admin.logentry", "pk": 33, "fields": {"action_time": "2023-01-12T16:43:40.487Z", "user": 1, "content_type": 9, "object_id": "1", "object_repr": "Burgers", "action_flag": 1, "change_message": "[{\"added\": {}}]"}}, {"model": "admin.logentry", "pk": 34, "fields": {"action_time": "2023-01-12T16:45:41.955Z", "user": 1, "content_type": 9, "object_id": "2", "object_repr": "Pizza", "action_flag": 1, "change_message": "[{\"added\": {}}]"}}, {"model": "admin.logentry", "pk": 35, "fields": {"action_time": "2023-01-12T16:46:04.734Z", "user": 1, "content_type": 9, "object_id": "3", "object_repr": "Sea food", "action_flag": 1, "change_message": "[{\"added\": {}}]"}}, {"model": "admin.logentry", "pk": 36, "fields": {"action_time": "2023-01-12T16:46:25.000Z", "user": 1, "content_type": 9, "object_id": "4", "object_repr": "Chicken", "action_flag": 1, "change_message": "[{\"added\": {}}]"}}, {"model": "admin.logentry", "pk": 37, "fields": {"action_time": "2023-01-12T16:55:06.144Z", "user": 1, "content_type": 10, "object_id": "1", "object_repr": "Aloo Tikki Burger", "action_flag": 1, "change_message": "[{\"added\": {}}]"}}, {"model": "admin.logentry", "pk": 38, "fields": {"action_time": "2023-01-12T16:56:17.803Z", "user": 1, "content_type": 10, "object_id": "2", "object_repr": "Veg Pizza", "action_flag": 1, "change_message": "[{\"added\": {}}]"}}, {"model": "admin.logentry", "pk": 39, "fields": {"action_time": "2023-01-12T16:56:54.840Z", "user": 1, "content_type": 10, "object_id": "3", "object_repr": "Lobster", "action_flag": 1, "change_message": "[{\"added\": {}}]"}}, {"model": "admin.logentry", "pk": 40, "fields": {"action_time": "2023-01-12T16:57:32.953Z", "user": 1, "content_type": 10, "object_id": "4", "object_repr": "Tandoori Chicken", "action_flag": 1, "change_message": "[{\"added\": {}}]"}}, {"model": "admin.logentry", "pk": 41, "fields": {"action_time": "2023-01-12T16:57:49.143Z", "user": 1, "content_type": 10, "object_id": "4", "object_repr": "Tandoori Chicken", "action_flag": 2, "change_message": "[{\"changed\": {\"fields\": [\"Is available\"]}}]"}}, {"model": "admin.logentry", "pk": 42, "fields": {"action_time": "2023-01-12T17:48:43.534Z", "user": 1, "content_type": 9, "object_id": "5", "object_repr": "Blank Category", "action_flag": 1, "change_message": "[{\"added\": {}}]"}}, {"model": "admin.logentry", "pk": 43, "fields": {"action_time": "2023-01-12T18:17:21.970Z", "user": 1, "content_type": 6, "object_id": "27", "object_repr": "", "action_flag": 1, "change_message": "[{\"added\": {}}]"}}, {"model": "admin.logentry", "pk": 44, "fields": {"action_time": "2023-01-12T18:18:00.130Z", "user": 1, "content_type": 6, "object_id": "27", "object_repr": "", "action_flag": 3, "change_message": ""}}, {"model": "admin.logentry", "pk": 45, "fields": {"action_time": "2023-01-12T18:18:20.727Z", "user": 1, "content_type": 6, "object_id": "28", "object_repr": "", "action_flag": 1, "change_message": "[{\"added\": {}}]"}}, {"model": "admin.logentry", "pk": 46, "fields": {"action_time": "2023-01-12T18:18:53.401Z", "user": 1, "content_type": 6, "object_id": "28", "object_repr": "mummykitchen@gmail.com", "action_flag": 2, "change_message": "[{\"changed\": {\"fields\": [\"First name\", \"Last name\", \"Email\", \"Role\", \"Is active\"]}}]"}}, {"model": "admin.logentry", "pk": 47, "fields": {"action_time": "2023-01-12T18:19:36.148Z", "user": 1, "content_type": 8, "object_id": "4", "object_repr": "Mummy-Ka-Kitchen", "action_flag": 1, "change_message": "[{\"added\": {}}]"}}, {"model": "admin.logentry", "pk": 48, "fields": {"action_time": "2023-01-12T18:19:41.956Z", "user": 1, "content_type": 8, "object_id": "4", "object_repr": "Mummy-Ka-Kitchen", "action_flag": 2, "change_message": "[]"}}, {"model": "admin.logentry", "pk": 49, "fields": {"action_time": "2023-01-14T13:36:43.901Z", "user": 1, "content_type": 6, "object_id": "29", "object_repr": "", "action_flag": 1, "change_message": "[{\"added\": {}}]"}}, {"model": "admin.logentry", "pk": 50, "fields": {"action_time": "2023-01-14T13:37:13.649Z", "user": 1, "content_type": 6, "object_id": "29", "object_repr": "aman.yummy123@gmail.com", "action_flag": 2, "change_message": "[{\"changed\": {\"fields\": [\"First name\", \"Last name\", \"Email\", \"Phone number\", \"Role\", \"Is active\"]}}]"}}, {"model": "admin.logentry", "pk": 51, "fields": {"action_time": "2023-01-14T13:50:56.148Z", "user": 1, "content_type": 8, "object_id": "5", "object_repr": "Lucknow Kitchen", "action_flag": 2, "change_message": "[{\"changed\": {\"fields\": [\"Is approved\"]}}]"}}, {"model": "admin.logentry", "pk": 52, "fields": {"action_time": "2023-01-14T13:51:48.139Z", "user": 1, "content_type": 6, "object_id": "30", "object_repr": "lucknow.kitchen@gmail.com", "action_flag": 2, "change_message": "[{\"changed\": {\"fields\": [\"Is active\"]}}]"}}, {"model": "admin.logentry", "pk": 53, "fields": {"action_time": "2023-01-14T14:00:33.194Z", "user": 1, "content_type": 7, "object_id": "37", "object_repr": "lucknow.kitchen@gmail.com", "action_flag": 2, "change_message": "[{\"changed\": {\"fields\": [\"Profile picture\", \"Cover photo\"]}}]"}}, {"model": "admin.logentry", "pk": 54, "fields": {"action_time": "2023-01-14T14:23:20.925Z", "user": 1, "content_type": 7, "object_id": "37", "object_repr": "lucknow.kitchen@gmail.com", "action_flag": 2, "change_message": "[{\"changed\": {\"fields\": [\"Latitude\", \"Longitude\"]}}]"}}, {"model": "admin.logentry", "pk": 55, "fields": {"action_time": "2023-01-14T14:48:38.544Z", "user": 1, "content_type": 8, "object_id": "4", "object_repr": "Mummy-Ka-Kitchen", "action_flag": 3, "change_message": ""}}, {"model": "admin.logentry", "pk": 56, "fields": {"action_time": "2023-01-14T14:48:51.878Z", "user": 1, "content_type": 6, "object_id": "28", "object_repr": "mummykitchen@gmail.com", "action_flag": 3, "change_message": ""}}, {"model": "admin.logentry", "pk": 57, "fields": {"action_time": "2023-01-14T14:50:16.051Z", "user": 1, "content_type": 6, "object_id": "31", "object_repr": "mummykitchen@gmail.com", "action_flag": 2, "change_message": "[{\"changed\": {\"fields\": [\"Is active\"]}}]"}}, {"model": "admin.logentry", "pk": 58, "fields": {"action_time": "2023-01-14T14:51:52.332Z", "user": 1, "content_type": 8, "object_id": "6", "object_repr": "Mummy Ka Kitchen", "action_flag": 2, "change_message": "[{\"changed\": {\"fields\": [\"Is approved\"]}}]"}}, {"model": "admin.logentry", "pk": 59, "fields": {"action_time": "2023-01-14T14:52:17.684Z", "user": 1, "content_type": 7, "object_id": "37", "object_repr": "lucknow.kitchen@gmail.com", "action_flag": 2, "change_message": "[{\"changed\": {\"fields\": [\"Profile picture\"]}}]"}}, {"model": "admin.logentry", "pk": 60, "fields": {"action_time": "2023-01-14T14:52:29.969Z", "user": 1, "content_type": 7, "object_id": "32", "object_repr": "rihid45540@themesw.com", "action_flag": 2, "change_message": "[{\"changed\": {\"fields\": [\"Profile picture\"]}}]"}}, {"model": "admin.logentry", "pk": 61, "fields": {"action_time": "2023-01-14T18:04:07.632Z", "user": 1, "content_type": 8, "object_id": "6", "object_repr": "Mummy Ka Kitchen", "action_flag": 2, "change_message": "[{\"changed\": {\"fields\": [\"Vendor slug\"]}}]"}}, {"model": "admin.logentry", "pk": 62, "fields": {"action_time": "2023-01-14T18:04:17.908Z", "user": 1, "content_type": 8, "object_id": "5", "object_repr": "Lucknow Kitchen", "action_flag": 2, "change_message": "[{\"changed\": {\"fields\": [\"Vendor slug\"]}}]"}}, {"model": "admin.logentry", "pk": 63, "fields": {"action_time": "2023-01-14T18:04:27.046Z", "user": 1, "content_type": 8, "object_id": "3", "object_repr": "Rahul Ka Dhaba", "action_flag": 2, "change_message": "[{\"changed\": {\"fields\": [\"Vendor slug\"]}}]"}}, {"model": "admin.logentry", "pk": 64, "fields": {"action_time": "2023-01-14T18:10:35.636Z", "user": 1, "content_type": 8, "object_id": "7", "object_repr": "Ritz", "action_flag": 2, "change_message": "[{\"changed\": {\"fields\": [\"Is approved\"]}}]"}}, {"model": "admin.logentry", "pk": 65, "fields": {"action_time": "2023-01-14T18:10:46.219Z", "user": 1, "content_type": 6, "object_id": "32", "object_repr": "ritz@gmail.com", "action_flag": 2, "change_message": "[{\"changed\": {\"fields\": [\"Is active\"]}}]"}}, {"model": "admin.logentry", "pk": 66, "fields": {"action_time": "2023-01-14T18:10:55.182Z", "user": 1, "content_type": 7, "object_id": "39", "object_repr": "ritz@gmail.com", "action_flag": 2, "change_message": "[]"}}, {"model": "admin.logentry", "pk": 67, "fields": {"action_time": "2023-01-26T14:02:11.735Z", "user": 1, "content_type": 7, "object_id": "39", "object_repr": "ritz@gmail.com", "action_flag": 2, "change_message": "[]"}}, {"model": "admin.logentry", "pk": 68, "fields": {"action_time": "2023-01-26T14:02:26.491Z", "user": 1, "content_type": 7, "object_id": "38", "object_repr": "mummykitchen@gmail.com", "action_flag": 2, "change_message": "[]"}}, {"model": "admin.logentry", "pk": 69, "fields": {"action_time": "2023-01-26T14:03:15.803Z", "user": 1, "content_type": 6, "object_id": "29", "object_repr": "aman.yummy123@gmail.com", "action_flag": 3, "change_message": ""}}, {"model": "admin.logentry", "pk": 70, "fields": {"action_time": "2023-01-26T14:07:34.125Z", "user": 1, "content_type": 7, "object_id": "32", "object_repr": "rihid45540@themesw.com", "action_flag": 2, "change_message": "[]"}}, {"model": "admin.logentry", "pk": 71, "fields": {"action_time": "2023-01-26T14:07:34.406Z", "user": 1, "content_type": 7, "object_id": "32", "object_repr": "rihid45540@themesw.com", "action_flag": 2, "change_message": "[{\"changed\": {\"fields\": [\"Location\"]}}]"}}, {"model": "admin.logentry", "pk": 72, "fields": {"action_time": "2023-01-26T14:07:41.068Z", "user": 1, "content_type": 7, "object_id": "33", "object_repr": "rockingvidit860@gmail.com", "action_flag": 2, "change_message": "[]"}}, {"model": "admin.logentry", "pk": 73, "fields": {"action_time": "2023-01-26T14:07:48.195Z", "user": 1, "content_type": 7, "object_id": "1", "object_repr": "viditraj20@gmail.com", "action_flag": 2, "change_message": "[]"}}, {"model": "admin.logentry", "pk": 74, "fields": {"action_time": "2023-02-01T15:08:15.377Z", "user": 1, "content_type": 13, "object_id": "1", "object_repr": "GST", "action_flag": 1, "change_message": "[{\"added\": {}}]"}}, {"model": "admin.logentry", "pk": 75, "fields": {"action_time": "2023-02-01T15:31:56.032Z", "user": 1, "content_type": 13, "object_id": "2", "object_repr": "SGST", "action_flag": 1, "change_message": "[{\"added\": {}}]"}}, {"model": "admin.logentry", "pk": 76, "fields": {"action_time": "2023-02-01T16:15:43.062Z", "user": 1, "content_type": 7, "object_id": "33", "object_repr": "rockingvidit860@gmail.com", "action_flag": 2, "change_message": "[{\"changed\": {\"fields\": [\"Address\", \"Country\", \"State\", \"City\", \"Pin code\"]}}]"}}, {"model": "admin.logentry", "pk": 77, "fields": {"action_time": "2023-02-02T18:40:12.811Z", "user": 1, "content_type": 6, "object_id": "25", "object_repr": "doril23735@bymercy.com", "action_flag": 2, "change_message": "[{\"changed\": {\"fields\": [\"Email\"]}}]"}}, {"model": "admin.logentry", "pk": 78, "fields": {"action_time": "2023-02-02T18:41:28.997Z", "user": 1, "content_type": 6, "object_id": "25", "object_repr": "doril23735@bymercy.com", "action_flag": 2, "change_message": "[]"}}, {"model": "admin.logentry", "pk": 79, "fields": {"action_time": "2023-02-04T12:23:53.156Z", "user": 1, "content_type": 10, "object_id": "15", "object_repr": "Veg Momos", "action_flag": 2, "change_message": "[{\"changed\": {\"fields\": [\"Rating\"]}}]"}}, {"model": "admin.logentry", "pk": 80, "fields": {"action_time": "2023-02-04T12:24:00.448Z", "user": 1, "content_type": 10, "object_id": "14", "object_repr": "Daal Makhani", "action_flag": 2, "change_message": "[{\"changed\": {\"fields\": [\"Rating\"]}}]"}}, {"model": "admin.logentry", "pk": 81, "fields": {"action_time": "2023-02-04T12:24:07.675Z", "user": 1, "content_type": 10, "object_id": "13", "object_repr": "White sauce pasta", "action_flag": 2, "change_message": "[{\"changed\": {\"fields\": [\"Rating\"]}}]"}}, {"model": "admin.logentry", "pk": 82, "fields": {"action_time": "2023-02-04T12:24:15.348Z", "user": 1, "content_type": 10, "object_id": "12", "object_repr": "Farm House", "action_flag": 2, "change_message": "[{\"changed\": {\"fields\": [\"Rating\"]}}]"}}, {"model": "admin.logentry", "pk": 83, "fields": {"action_time": "2023-02-04T12:26:37.388Z", "user": 1, "content_type": 8, "object_id": "7", "object_repr": "Ritz", "action_flag": 2, "change_message": "[{\"changed\": {\"fields\": [\"Rating\"]}}]"}}, {"model": "admin.logentry", "pk": 84, "fields": {"action_time": "2023-02-04T12:26:42.763Z", "user": 1, "content_type": 8, "object_id": "6", "object_repr": "Mummy Ka Kitchen", "action_flag": 2, "change_message": "[{\"changed\": {\"fields\": [\"Rating\"]}}]"}}, {"model": "admin.logentry", "pk": 85, "fields": {"action_time": "2023-02-04T12:26:49.781Z", "user": 1, "content_type": 8, "object_id": "5", "object_repr": "Lucknow Kitchen", "action_flag": 2, "change_message": "[{\"changed\": {\"fields\": [\"Rating\"]}}]"}}, {"model": "admin.logentry", "pk": 86, "fields": {"action_time": "2023-02-04T12:26:55.250Z", "user": 1, "content_type": 8, "object_id": "3", "object_repr": "Rahul Ka Dhaba", "action_flag": 2, "change_message": "[{\"changed\": {\"fields\": [\"Rating\"]}}]"}}, {"model": "admin.logentry", "pk": 87, "fields": {"action_time": "2023-02-04T18:18:32.622Z", "user": 1, "content_type": 8, "object_id": "7", "object_repr": "Ritz", "action_flag": 2, "change_message": "[{\"changed\": {\"fields\": [\"Rating\"]}}]"}}, {"model": "admin.logentry", "pk": 88, "fields": {"action_time": "2023-02-04T18:20:23.245Z", "user": 1, "content_type": 8, "object_id": "7", "object_repr": "Ritz", "action_flag": 2, "change_message": "[{\"changed\": {\"fields\": [\"Rating\"]}}]"}}, {"model": "admin.logentry", "pk": 89, "fields": {"action_time": "2023-02-04T18:35:10.612Z", "user": 1, "content_type": 10, "object_id": "11", "object_repr": "magrita pizza", "action_flag": 2, "change_message": "[{\"changed\": {\"fields\": [\"Rating\"]}}]"}}, {"model": "admin.logentry", "pk": 90, "fields": {"action_time": "2023-02-04T18:35:19.534Z", "user": 1, "content_type": 10, "object_id": "9", "object_repr": "Paneer Paratha", "action_flag": 2, "change_message": "[{\"changed\": {\"fields\": [\"Rating\"]}}]"}}, {"model": "admin.logentry", "pk": 91, "fields": {"action_time": "2023-02-04T18:35:25.858Z", "user": 1, "content_type": 10, "object_id": "7", "object_repr": "Tandoori Roti", "action_flag": 2, "change_message": "[{\"changed\": {\"fields\": [\"Rating\"]}}]"}}, {"model": "admin.logentry", "pk": 92, "fields": {"action_time": "2023-02-04T18:35:32.164Z", "user": 1, "content_type": 10, "object_id": "5", "object_repr": "Kebab", "action_flag": 2, "change_message": "[{\"changed\": {\"fields\": [\"Rating\"]}}]"}}, {"model": "admin.logentry", "pk": 93, "fields": {"action_time": "2023-02-04T18:35:41.805Z", "user": 1, "content_type": 10, "object_id": "4", "object_repr": "Tandoori Chicken", "action_flag": 2, "change_message": "[{\"changed\": {\"fields\": [\"Rating\"]}}]"}}, {"model": "admin.logentry", "pk": 94, "fields": {"action_time": "2023-02-04T18:35:48.048Z", "user": 1, "content_type": 10, "object_id": "3", "object_repr": "Lobster", "action_flag": 2, "change_message": "[{\"changed\": {\"fields\": [\"Rating\"]}}]"}}, {"model": "admin.logentry", "pk": 95, "fields": {"action_time": "2023-02-04T18:35:54.969Z", "user": 1, "content_type": 10, "object_id": "2", "object_repr": "Veg Pizza", "action_flag": 2, "change_message": "[{\"changed\": {\"fields\": [\"Rating\"]}}]"}}, {"model": "admin.logentry", "pk": 96, "fields": {"action_time": "2023-02-04T18:36:01.114Z", "user": 1, "content_type": 10, "object_id": "1", "object_repr": "Aloo Tikki Burger", "action_flag": 2, "change_message": "[{\"changed\": {\"fields\": [\"Rating\"]}}]"}}, {"model": "admin.logentry", "pk": 97, "fields": {"action_time": "2023-02-04T18:36:09.849Z", "user": 1, "content_type": 10, "object_id": "4", "object_repr": "Tandoori Chicken", "action_flag": 2, "change_message": "[{\"changed\": {\"fields\": [\"Is available\"]}}]"}}, {"model": "admin.logentry", "pk": 98, "fields": {"action_time": "2023-02-05T07:41:14.655Z", "user": 1, "content_type": 14, "object_id": "44", "object_repr": "123456", "action_flag": 1, "change_message": "[{\"added\": {}}]"}}, {"model": "admin.logentry", "pk": 99, "fields": {"action_time": "2023-02-05T07:41:52.669Z", "user": 1, "content_type": 14, "object_id": "43", "object_repr": "202302041743", "action_flag": 3, "change_message": ""}}, {"model": "admin.logentry", "pk": 100, "fields": {"action_time": "2023-02-05T07:41:52.678Z", "user": 1, "content_type": 14, "object_id": "42", "object_repr": "202302030142", "action_flag": 3, "change_message": ""}}, {"model": "admin.logentry", "pk": 101, "fields": {"action_time": "2023-02-05T07:41:52.679Z", "user": 1, "content_type": 14, "object_id": "41", "object_repr": "202302030141", "action_flag": 3, "change_message": ""}}, {"model": "admin.logentry", "pk": 102, "fields": {"action_time": "2023-02-05T07:41:52.680Z", "user": 1, "content_type": 14, "object_id": "40", "object_repr": "202302030140", "action_flag": 3, "change_message": ""}}, {"model": "admin.logentry", "pk": 103, "fields": {"action_time": "2023-02-05T07:41:52.681Z", "user": 1, "content_type": 14, "object_id": "39", "object_repr": "202302030139", "action_flag": 3, "change_message": ""}}, {"model": "admin.logentry", "pk": 104, "fields": {"action_time": "2023-02-05T07:41:52.682Z", "user": 1, "content_type": 14, "object_id": "38", "object_repr": "202302030138", "action_flag": 3, "change_message": ""}}, {"model": "admin.logentry", "pk": 105, "fields": {"action_time": "2023-02-05T07:41:52.683Z", "user": 1, "content_type": 14, "object_id": "37", "object_repr": "202302030137", "action_flag": 3, "change_message": ""}}, {"model": "admin.logentry", "pk": 106, "fields": {"action_time": "2023-02-05T07:41:52.684Z", "user": 1, "content_type": 14, "object_id": "36", "object_repr": "202302030136", "action_flag": 3, "change_message": ""}}, {"model": "admin.logentry", "pk": 107, "fields": {"action_time": "2023-02-05T07:41:52.686Z", "user": 1, "content_type": 14, "object_id": "35", "object_repr": "202302030135", "action_flag": 3, "change_message": ""}}, {"model": "admin.logentry", "pk": 108, "fields": {"action_time": "2023-02-05T07:41:52.687Z", "user": 1, "content_type": 14, "object_id": "34", "object_repr": "202302030134", "action_flag": 3, "change_message": ""}}, {"model": "admin.logentry", "pk": 109, "fields": {"action_time": "2023-02-05T07:41:52.688Z", "user": 1, "content_type": 14, "object_id": "33", "object_repr": "202302030133", "action_flag": 3, "change_message": ""}}, {"model": "admin.logentry", "pk": 110, "fields": {"action_time": "2023-02-05T07:41:52.691Z", "user": 1, "content_type": 14, "object_id": "32", "object_repr": "202302030132", "action_flag": 3, "change_message": ""}}, {"model": "admin.logentry", "pk": 111, "fields": {"action_time": "2023-02-05T07:41:52.692Z", "user": 1, "content_type": 14, "object_id": "31", "object_repr": "202302030131", "action_flag": 3, "change_message": ""}}, {"model": "admin.logentry", "pk": 112, "fields": {"action_time": "2023-02-05T07:41:52.693Z", "user": 1, "content_type": 14, "object_id": "30", "object_repr": "202302030030", "action_flag": 3, "change_message": ""}}, {"model": "admin.logentry", "pk": 113, "fields": {"action_time": "2023-02-05T07:41:52.693Z", "user": 1, "content_type": 14, "object_id": "29", "object_repr": "202302030029", "action_flag": 3, "change_message": ""}}, {"model": "admin.logentry", "pk": 114, "fields": {"action_time": "2023-02-05T07:41:52.694Z", "user": 1, "content_type": 14, "object_id": "28", "object_repr": "202302030028", "action_flag": 3, "change_message": ""}}, {"model": "admin.logentry", "pk": 115, "fields": {"action_time": "2023-02-05T07:41:52.695Z", "user": 1, "content_type": 14, "object_id": "27", "object_repr": "202302030027", "action_flag": 3, "change_message": ""}}, {"model": "admin.logentry", "pk": 116, "fields": {"action_time": "2023-02-05T07:41:52.696Z", "user": 1, "content_type": 14, "object_id": "26", "object_repr": "202302030026", "action_flag": 3, "change_message": ""}}, {"model": "admin.logentry", "pk": 117, "fields": {"action_time": "2023-02-05T07:41:52.697Z", "user": 1, "content_type": 14, "object_id": "25", "object_repr": "202302030025", "action_flag": 3, "change_message": ""}}, {"model": "admin.logentry", "pk": 118, "fields": {"action_time": "2023-02-05T07:41:52.698Z", "user": 1, "content_type": 14, "object_id": "24", "object_repr": "202302030024", "action_flag": 3, "change_message": ""}}, {"model": "admin.logentry", "pk": 119, "fields": {"action_time": "2023-02-05T07:41:52.698Z", "user": 1, "content_type": 14, "object_id": "23", "object_repr": "202302030023", "action_flag": 3, "change_message": ""}}, {"model": "admin.logentry", "pk": 120, "fields": {"action_time": "2023-02-05T07:41:52.699Z", "user": 1, "content_type": 14, "object_id": "22", "object_repr": "202302030022", "action_flag": 3, "change_message": ""}}, {"model": "admin.logentry", "pk": 121, "fields": {"action_time": "2023-02-05T07:41:52.701Z", "user": 1, "content_type": 14, "object_id": "21", "object_repr": "202302030021", "action_flag": 3, "change_message": ""}}, {"model": "admin.logentry", "pk": 122, "fields": {"action_time": "2023-02-05T07:41:52.702Z", "user": 1, "content_type": 14, "object_id": "20", "object_repr": "202302030020", "action_flag": 3, "change_message": ""}}, {"model": "admin.logentry", "pk": 123, "fields": {"action_time": "2023-02-05T07:41:52.703Z", "user": 1, "content_type": 14, "object_id": "19", "object_repr": "202302030019", "action_flag": 3, "change_message": ""}}, {"model": "admin.logentry", "pk": 124, "fields": {"action_time": "2023-02-05T07:41:52.704Z", "user": 1, "content_type": 14, "object_id": "18", "object_repr": "202302030018", "action_flag": 3, "change_message": ""}}, {"model": "admin.logentry", "pk": 125, "fields": {"action_time": "2023-02-05T07:41:52.705Z", "user": 1, "content_type": 14, "object_id": "17", "object_repr": "202302030017", "action_flag": 3, "change_message": ""}}, {"model": "admin.logentry", "pk": 126, "fields": {"action_time": "2023-02-05T07:41:52.706Z", "user": 1, "content_type": 14, "object_id": "16", "object_repr": "202302022316", "action_flag": 3, "change_message": ""}}, {"model": "admin.logentry", "pk": 127, "fields": {"action_time": "2023-02-05T07:41:52.707Z", "user": 1, "content_type": 14, "object_id": "15", "object_repr": "202302022315", "action_flag": 3, "change_message": ""}}, {"model": "admin.logentry", "pk": 128, "fields": {"action_time": "2023-02-05T07:41:52.708Z", "user": 1, "content_type": 14, "object_id": "14", "object_repr": "202302022314", "action_flag": 3, "change_message": ""}}, {"model": "admin.logentry", "pk": 129, "fields": {"action_time": "2023-02-05T07:41:52.708Z", "user": 1, "content_type": 14, "object_id": "13", "object_repr": "202302022313", "action_flag": 3, "change_message": ""}}, {"model": "admin.logentry", "pk": 130, "fields": {"action_time": "2023-02-05T07:41:52.709Z", "user": 1, "content_type": 14, "object_id": "12", "object_repr": "202302022312", "action_flag": 3, "change_message": ""}}, {"model": "admin.logentry", "pk": 131, "fields": {"action_time": "2023-02-05T07:41:52.710Z", "user": 1, "content_type": 14, "object_id": "11", "object_repr": "202302022311", "action_flag": 3, "change_message": ""}}, {"model": "admin.logentry", "pk": 132, "fields": {"action_time": "2023-02-05T07:41:52.711Z", "user": 1, "content_type": 14, "object_id": "10", "object_repr": "202302022210", "action_flag": 3, "change_message": ""}}, {"model": "admin.logentry", "pk": 133, "fields": {"action_time": "2023-02-05T07:41:52.712Z", "user": 1, "content_type": 14, "object_id": "9", "object_repr": "20230202229", "action_flag": 3, "change_message": ""}}, {"model": "admin.logentry", "pk": 134, "fields": {"action_time": "2023-02-05T07:41:52.712Z", "user": 1, "content_type": 14, "object_id": "8", "object_repr": "20230202228", "action_flag": 3, "change_message": ""}}, {"model": "admin.logentry", "pk": 135, "fields": {"action_time": "2023-02-05T07:41:52.713Z", "user": 1, "content_type": 14, "object_id": "7", "object_repr": "20230202227", "action_flag": 3, "change_message": ""}}, {"model": "admin.logentry", "pk": 136, "fields": {"action_time": "2023-02-05T07:41:52.714Z", "user": 1, "content_type": 14, "object_id": "6", "object_repr": "20230202226", "action_flag": 3, "change_message": ""}}, {"model": "admin.logentry", "pk": 137, "fields": {"action_time": "2023-02-05T07:41:52.715Z", "user": 1, "content_type": 14, "object_id": "5", "object_repr": "20230202225", "action_flag": 3, "change_message": ""}}, {"model": "admin.logentry", "pk": 138, "fields": {"action_time": "2023-02-05T07:41:52.715Z", "user": 1, "content_type": 14, "object_id": "4", "object_repr": "20230202224", "action_flag": 3, "change_message": ""}}, {"model": "admin.logentry", "pk": 139, "fields": {"action_time": "2023-02-05T07:41:52.716Z", "user": 1, "content_type": 14, "object_id": "3", "object_repr": "2023020221503", "action_flag": 3, "change_message": ""}}, {"model": "admin.logentry", "pk": 140, "fields": {"action_time": "2023-02-05T07:41:52.718Z", "user": 1, "content_type": 14, "object_id": "2", "object_repr": "202302022131None", "action_flag": 3, "change_message": ""}}, {"model": "admin.logentry", "pk": 141, "fields": {"action_time": "2023-02-05T07:41:52.719Z", "user": 1, "content_type": 14, "object_id": "1", "object_repr": "123", "action_flag": 3, "change_message": ""}}, {"model": "admin.logentry", "pk": 142, "fields": {"action_time": "2023-02-05T07:45:59.934Z", "user": 1, "content_type": 14, "object_id": "45", "object_repr": "124314314314", "action_flag": 1, "change_message": "[{\"added\": {}}]"}}, {"model": "admin.logentry", "pk": 143, "fields": {"action_time": "2023-02-07T18:36:38.123Z", "user": 1, "content_type": 14, "object_id": "47", "object_repr": "202302072147", "action_flag": 3, "change_message": ""}}, {"model": "admin.logentry", "pk": 144, "fields": {"action_time": "2023-02-07T18:57:06.805Z", "user": 1, "content_type": 14, "object_id": "45", "object_repr": "124314314314", "action_flag": 3, "change_message": ""}}, {"model": "admin.logentry", "pk": 145, "fields": {"action_time": "2023-02-07T18:57:06.811Z", "user": 1, "content_type": 14, "object_id": "44", "object_repr": "123456", "action_flag": 3, "change_message": ""}}, {"model": "admin.logentry", "pk": 146, "fields": {"action_time": "2023-02-07T19:06:29.540Z", "user": 1, "content_type": 14, "object_id": "46", "object_repr": "202302072046", "action_flag": 3, "change_message": ""}}, {"model": "admin.logentry", "pk": 147, "fields": {"action_time": "2023-02-07T19:43:39.354Z", "user": 1, "content_type": 8, "object_id": "8", "object_repr": "Maansarovar", "action_flag": 2, "change_message": "[{\"changed\": {\"fields\": [\"Is approved\"]}}]"}}, {"model": "admin.logentry", "pk": 148, "fields": {"action_time": "2023-02-09T18:31:14.697Z", "user": 1, "content_type": 17, "object_id": "1", "object_repr": "Awsome food but not cheap", "action_flag": 1, "change_message": "[{\"added\": {}}]"}}, {"model": "admin.logentry", "pk": 149, "fields": {"action_time": "2023-02-09T20:14:05.343Z", "user": 1, "content_type": 17, "object_id": "2", "object_repr": "Good food", "action_flag": 1, "change_message": "[{\"added\": {}}]"}}, {"model": "admin.logentry", "pk": 150, "fields": {"action_time": "2023-02-09T20:14:18.698Z", "user": 1, "content_type": 17, "object_id": "3", "object_repr": "Not so good", "action_flag": 1, "change_message": "[{\"added\": {}}]"}}, {"model": "admin.logentry", "pk": 151, "fields": {"action_time": "2023-02-09T20:14:38.305Z", "user": 1, "content_type": 17, "object_id": "4", "object_repr": "Execellent pricing", "action_flag": 1, "change_message": "[{\"added\": {}}]"}}, {"model": "admin.logentry", "pk": 152, "fields": {"action_time": "2023-02-11T10:23:16.172Z", "user": 1, "content_type": 8, "object_id": "8", "object_repr": "Maansarovar", "action_flag": 2, "change_message": "[{\"changed\": {\"fields\": [\"Vendor slug\"]}}]"}}, {"model": "admin.logentry", "pk": 153, "fields": {"action_time": "2023-02-11T11:44:54.590Z", "user": 1, "content_type": 8, "object_id": "6", "object_repr": "Mummy Ka Kitchen", "action_flag": 2, "change_message": "[{\"changed\": {\"fields\": [\"No of rating\"]}}]"}}, {"model": "auth.permission", "pk": 1, "fields": {"name": "Can add log entry", "content_type": 1, "codename": "add_logentry"}}, {"model": "auth.permission", "pk": 2, "fields": {"name": "Can change log entry", "content_type": 1, "codename": "change_logentry"}}, {"model": "auth.permission", "pk": 3, "fields": {"name": "Can delete log entry", "content_type": 1, "codename": "delete_logentry"}}, {"model": "auth.permission", "pk": 4, "fields": {"name": "Can view log entry", "content_type": 1, "codename": "view_logentry"}}, {"model": "auth.permission", "pk": 5, "fields": {"name": "Can add permission", "content_type": 2, "codename": "add_permission"}}, {"model": "auth.permission", "pk": 6, "fields": {"name": "Can change permission", "content_type": 2, "codename": "change_permission"}}, {"model": "auth.permission", "pk": 7, "fields": {"name": "Can delete permission", "content_type": 2, "codename": "delete_permission"}}, {"model": "auth.permission", "pk": 8, "fields": {"name": "Can view permission", "content_type": 2, "codename": "view_permission"}}, {"model": "auth.permission", "pk": 9, "fields": {"name": "Can add group", "content_type": 3, "codename": "add_group"}}, {"model": "auth.permission", "pk": 10, "fields": {"name": "Can change group", "content_type": 3, "codename": "change_group"}}, {"model": "auth.permission", "pk": 11, "fields": {"name": "Can delete group", "content_type": 3, "codename": "delete_group"}}, {"model": "auth.permission", "pk": 12, "fields": {"name": "Can view group", "content_type": 3, "codename": "view_group"}}, {"model": "auth.permission", "pk": 13, "fields": {"name": "Can add content type", "content_type": 4, "codename": "add_contenttype"}}, {"model": "auth.permission", "pk": 14, "fields": {"name": "Can change content type", "content_type": 4, "codename": "change_contenttype"}}, {"model": "auth.permission", "pk": 15, "fields": {"name": "Can delete content type", "content_type": 4, "codename": "delete_contenttype"}}, {"model": "auth.permission", "pk": 16, "fields": {"name": "Can view content type", "content_type": 4, "codename": "view_contenttype"}}, {"model": "auth.permission", "pk": 17, "fields": {"name": "Can add session", "content_type": 5, "codename": "add_session"}}, {"model": "auth.permission", "pk": 18, "fields": {"name": "Can change session", "content_type": 5, "codename": "change_session"}}, {"model": "auth.permission", "pk": 19, "fields": {"name": "Can delete session", "content_type": 5, "codename": "delete_session"}}, {"model": "auth.permission", "pk": 20, "fields": {"name": "Can view session", "content_type": 5, "codename": "view_session"}}, {"model": "auth.permission", "pk": 21, "fields": {"name": "Can add user", "content_type": 6, "codename": "add_user"}}, {"model": "auth.permission", "pk": 22, "fields": {"name": "Can change user", "content_type": 6, "codename": "change_user"}}, {"model": "auth.permission", "pk": 23, "fields": {"name": "Can delete user", "content_type": 6, "codename": "delete_user"}}, {"model": "auth.permission", "pk": 24, "fields": {"name": "Can view user", "content_type": 6, "codename": "view_user"}}, {"model": "auth.permission", "pk": 25, "fields": {"name": "Can add user profile", "content_type": 7, "codename": "add_userprofile"}}, {"model": "auth.permission", "pk": 26, "fields": {"name": "Can change user profile", "content_type": 7, "codename": "change_userprofile"}}, {"model": "auth.permission", "pk": 27, "fields": {"name": "Can delete user profile", "content_type": 7, "codename": "delete_userprofile"}}, {"model": "auth.permission", "pk": 28, "fields": {"name": "Can view user profile", "content_type": 7, "codename": "view_userprofile"}}, {"model": "auth.permission", "pk": 29, "fields": {"name": "Can add vendor", "content_type": 8, "codename": "add_vendor"}}, {"model": "auth.permission", "pk": 30, "fields": {"name": "Can change vendor", "content_type": 8, "codename": "change_vendor"}}, {"model": "auth.permission", "pk": 31, "fields": {"name": "Can delete vendor", "content_type": 8, "codename": "delete_vendor"}}, {"model": "auth.permission", "pk": 32, "fields": {"name": "Can view vendor", "content_type": 8, "codename": "view_vendor"}}, {"model": "auth.permission", "pk": 33, "fields": {"name": "Can add category", "content_type": 9, "codename": "add_category"}}, {"model": "auth.permission", "pk": 34, "fields": {"name": "Can change category", "content_type": 9, "codename": "change_category"}}, {"model": "auth.permission", "pk": 35, "fields": {"name": "Can delete category", "content_type": 9, "codename": "delete_category"}}, {"model": "auth.permission", "pk": 36, "fields": {"name": "Can view category", "content_type": 9, "codename": "view_category"}}, {"model": "auth.permission", "pk": 37, "fields": {"name": "Can add food item", "content_type": 10, "codename": "add_fooditem"}}, {"model": "auth.permission", "pk": 38, "fields": {"name": "Can change food item", "content_type": 10, "codename": "change_fooditem"}}, {"model": "auth.permission", "pk": 39, "fields": {"name": "Can delete food item", "content_type": 10, "codename": "delete_fooditem"}}, {"model": "auth.permission", "pk": 40, "fields": {"name": "Can view food item", "content_type": 10, "codename": "view_fooditem"}}, {"model": "auth.permission", "pk": 41, "fields": {"name": "Can add cart", "content_type": 11, "codename": "add_cart"}}, {"model": "auth.permission", "pk": 42, "fields": {"name": "Can change cart", "content_type": 11, "codename": "change_cart"}}, {"model": "auth.permission", "pk": 43, "fields": {"name": "Can delete cart", "content_type": 11, "codename": "delete_cart"}}, {"model": "auth.permission", "pk": 44, "fields": {"name": "Can view cart", "content_type": 11, "codename": "view_cart"}}, {"model": "auth.permission", "pk": 45, "fields": {"name": "Can add opening hour", "content_type": 12, "codename": "add_openinghour"}}, {"model": "auth.permission", "pk": 46, "fields": {"name": "Can change opening hour", "content_type": 12, "codename": "change_openinghour"}}, {"model": "auth.permission", "pk": 47, "fields": {"name": "Can delete opening hour", "content_type": 12, "codename": "delete_openinghour"}}, {"model": "auth.permission", "pk": 48, "fields": {"name": "Can view opening hour", "content_type": 12, "codename": "view_openinghour"}}, {"model": "auth.permission", "pk": 49, "fields": {"name": "Can add tax", "content_type": 13, "codename": "add_tax"}}, {"model": "auth.permission", "pk": 50, "fields": {"name": "Can change tax", "content_type": 13, "codename": "change_tax"}}, {"model": "auth.permission", "pk": 51, "fields": {"name": "Can delete tax", "content_type": 13, "codename": "delete_tax"}}, {"model": "auth.permission", "pk": 52, "fields": {"name": "Can view tax", "content_type": 13, "codename": "view_tax"}}, {"model": "auth.permission", "pk": 53, "fields": {"name": "Can add order", "content_type": 14, "codename": "add_order"}}, {"model": "auth.permission", "pk": 54, "fields": {"name": "Can change order", "content_type": 14, "codename": "change_order"}}, {"model": "auth.permission", "pk": 55, "fields": {"name": "Can delete order", "content_type": 14, "codename": "delete_order"}}, {"model": "auth.permission", "pk": 56, "fields": {"name": "Can view order", "content_type": 14, "codename": "view_order"}}, {"model": "auth.permission", "pk": 57, "fields": {"name": "Can add payment", "content_type": 15, "codename": "add_payment"}}, {"model": "auth.permission", "pk": 58, "fields": {"name": "Can change payment", "content_type": 15, "codename": "change_payment"}}, {"model": "auth.permission", "pk": 59, "fields": {"name": "Can delete payment", "content_type": 15, "codename": "delete_payment"}}, {"model": "auth.permission", "pk": 60, "fields": {"name": "Can view payment", "content_type": 15, "codename": "view_payment"}}, {"model": "auth.permission", "pk": 61, "fields": {"name": "Can add ordered food", "content_type": 16, "codename": "add_orderedfood"}}, {"model": "auth.permission", "pk": 62, "fields": {"name": "Can change ordered food", "content_type": 16, "codename": "change_orderedfood"}}, {"model": "auth.permission", "pk": 63, "fields": {"name": "Can delete ordered food", "content_type": 16, "codename": "delete_orderedfood"}}, {"model": "auth.permission", "pk": 64, "fields": {"name": "Can view ordered food", "content_type": 16, "codename": "view_orderedfood"}}, {"model": "auth.permission", "pk": 65, "fields": {"name": "Can add vendor reviews", "content_type": 17, "codename": "add_vendorreviews"}}, {"model": "auth.permission", "pk": 66, "fields": {"name": "Can change vendor reviews", "content_type": 17, "codename": "change_vendorreviews"}}, {"model": "auth.permission", "pk": 67, "fields": {"name": "Can delete vendor reviews", "content_type": 17, "codename": "delete_vendorreviews"}}, {"model": "auth.permission", "pk": 68, "fields": {"name": "Can view vendor reviews", "content_type": 17, "codename": "view_vendorreviews"}}, {"model": "contenttypes.contenttype", "pk": 1, "fields": {"app_label": "admin", "model": "logentry"}}, {"model": "contenttypes.contenttype", "pk": 2, "fields": {"app_label": "auth", "model": "permission"}}, {"model": "contenttypes.contenttype", "pk": 3, "fields": {"app_label": "auth", "model": "group"}}, {"model": "contenttypes.contenttype", "pk": 4, "fields": {"app_label": "contenttypes", "model": "contenttype"}}, {"model": "contenttypes.contenttype", "pk": 5, "fields": {"app_label": "sessions", "model": "session"}}, {"model": "contenttypes.contenttype", "pk": 6, "fields": {"app_label": "accounts", "model": "user"}}, {"model": "contenttypes.contenttype", "pk": 7, "fields": {"app_label": "accounts", "model": "userprofile"}}, {"model": "contenttypes.contenttype", "pk": 8, "fields": {"app_label": "vendor", "model": "vendor"}}, {"model": "contenttypes.contenttype", "pk": 9, "fields": {"app_label": "menu", "model": "category"}}, {"model": "contenttypes.contenttype", "pk": 10, "fields": {"app_label": "menu", "model": "fooditem"}}, {"model": "contenttypes.contenttype", "pk": 11, "fields": {"app_label": "marketplace", "model": "cart"}}, {"model": "contenttypes.contenttype", "pk": 12, "fields": {"app_label": "vendor", "model": "openinghour"}}, {"model": "contenttypes.contenttype", "pk": 13, "fields": {"app_label": "marketplace", "model": "tax"}}, {"model": "contenttypes.contenttype", "pk": 14, "fields": {"app_label": "orders", "model": "order"}}, {"model": "contenttypes.contenttype", "pk": 15, "fields": {"app_label": "orders", "model": "payment"}}, {"model": "contenttypes.contenttype", "pk": 16, "fields": {"app_label": "orders", "model": "orderedfood"}}, {"model": "contenttypes.contenttype", "pk": 17, "fields": {"app_label": "reviews", "model": "vendorreviews"}}, {"model": "sessions.session", "pk": "0hfzo2mog7j26sblgihvvkzzztfki1p3", "fields": {"session_data": ".eJxVjMEOwiAQRP-FsyEusBQ8evcbyAJbqRpISnsy_rtt0oNe5jDvzbxFoHUpYe08hymLiwBx-u0ipSfXHeQH1XuTqdVlnqLcFXnQLm8t8-t6uH8HhXrZ1i4rttYR4Wh88iM6Ngysk0ent3RaWTgjZBvBAmprgCNnZMVqgIHE5wvXCTdT:1pFBHd:JmLpHiCmvmPO3CMUbp5ISmmW_2rgvWS-iWErQUMW56A", "expire_date": "2023-01-24T09:51:05.658Z"}}, {"model": "sessions.session", "pk": "39mvw01b54jj20xud1d86twgdzo5vvjf", "fields": {"session_data": "e30:1pFBGo:dVMKHWQZ0g2pFBAz50YMVGJyXmih71RFgA2KNJ9IGik", "expire_date": "2023-01-24T09:50:14.746Z"}}, {"model": "sessions.session", "pk": "3pwfxuwqx95fuospzxq62mu977ufhzcx", "fields": {"session_data": ".eJxVjEEOwiAQRe_C2pDCgIBL956BDMwgVUOT0q6Md7dNutDtf-_9t4i4LjWunec4krgIJU6_W8L85LYDemC7TzJPbZnHJHdFHrTL20T8uh7u30HFXrcaMLuASAoD0OCMK3CGoJERSINNg9Z-IwVcNoWL91CsNomzYm-yTeLzBelhODM:1pG1gf:7x_7fNoGHoFhY7u6pV-KlsfTbYIG9WvnGsLz5cy2mUA", "expire_date": "2023-01-26T17:48:25.940Z"}}, {"model": "sessions.session", "pk": "5l24ik29vtu016auu4zrcwjivwmpwun3", "fields": {"session_data": ".eJxVjDsOwjAUBO_iGll2En-gpM8ZovXzMw4gW4qTCnF3iJQC2p2ZfYkJ25qnrfEyzVFcRK_E6XcMoAeXncQ7yq1KqmVd5iB3RR60ybFGfl4P9-8go-VvTZpddIBTbEFWk9YwipPrLNK5C955sGXN3ZAIzhAsw_S9IRq8hxLvDyqfOOc:1pMTsy:TSEiJfFiirsrjF3Szlmi0qtdOejvwfmyTiFrelsXA8c", "expire_date": "2023-02-13T13:07:48.412Z"}}, {"model": "sessions.session", "pk": "7tcemdtnziy6fqia25bmid09fu7z27r5", "fields": {"session_data": ".eJxVjEEOwiAQRe_C2pDCgIBL956BDMwgVUOT0q6Md7dNutDtf-_9t4i4LjWunec4krgIJU6_W8L85LYDemC7TzJPbZnHJHdFHrTL20T8uh7u30HFXrcaMLuASAoD0OCMK3CGoJERSINNg9Z-IwVcNoWL91CsNomzYm-yTeLzBelhODM:1pFzRl:Le_QHAyrC6Sff5hMOhxNmz0e66PBR65c24NhZzMRTVM", "expire_date": "2023-01-26T15:24:53.061Z"}}, {"model": "sessions.session", "pk": "b264jvn9kwczzdhm9ab70vmu33ff1d43", "fields": {"session_data": ".eJxVjEEOwiAQRe_C2pDCgIBL956BDMwgVUOT0q6Md7dNutDtf-_9t4i4LjWunec4krgIJU6_W8L85LYDemC7TzJPbZnHJHdFHrTL20T8uh7u30HFXrcaMLuASAoD0OCMK3CGoJERSINNg9Z-IwVcNoWL91CsNomzYm-yTeLzBelhODM:1pNCz8:44i3t6WQTmstRRNNNv5sGivhaDbBmF9PFauoaf58zPI", "expire_date": "2023-02-15T13:17:10.908Z"}}, {"model": "sessions.session", "pk": "dasd9v0oe81wyxgki6es3mhj8jb57l7c", "fields": {"session_data": ".eJxVjDsOwjAQRO_iGllrG_8o6TmDtfZucAA5UpxUiLuTSCmgGmnem3mLhOtS09p5TiOJi9BOnH7LjOXJbSf0wHafZJnaMo9Z7oo8aJe3ifh1Pdy_g4q9bmvljOWQCeLAEIhQD2CV38Jn4OJLoOBiAOPORns0ljJGMMGyKYBOic8XDDE31A:1pPUBt:xSBzZp4SKv9sW-eN-8gUA97u3bGZjKNNyRyhMk3iQhk", "expire_date": "2023-02-21T20:03:45.482Z"}}, {"model": "sessions.session", "pk": "dzmodg2u6rpubpg81ee7gz6f7e7ab4k8", "fields": {"session_data": ".eJxVjDsOwjAQRO_iGllrG_8o6TmDtfZucAA5UpxUiLuTSCmgGmnem3mLhOtS09p5TiOJi9BOnH7LjOXJbSf0wHafZJnaMo9Z7oo8aJe3ifh1Pdy_g4q9bmvljOWQCeLAEIhQD2CV38Jn4OJLoOBiAOPORns0ljJGMMGyKYBOic8XDDE31A:1pQpCj:o2kzjIJ0um4Cw_OHmQf9jG3Z1VXgBWxThi3RqE4Jf7o", "expire_date": "2023-02-25T12:42:09.109Z"}}, {"model": "sessions.session", "pk": "erznhcxxej5kh8jzukz6t0ulwbmar0xs", "fields": {"session_data": ".eJxVjDsOwjAQRO_iGllrG_8o6TmDtfZucAA5UpxUiLuTSCmgGmnem3mLhOtS09p5TiOJi9BOnH7LjOXJbSf0wHafZJnaMo9Z7oo8aJe3ifh1Pdy_g4q9bmvljOWQCeLAEIhQD2CV38Jn4OJLoOBiAOPORns0ljJGMMGyKYBOic8XDDE31A:1pIad8:R5u0Fk0zsJzguAhCkU1O9Pl2kRNfv7T9PHbiJURwWRo", "expire_date": "2023-02-02T19:31:22.745Z"}}, {"model": "sessions.session", "pk": "fht4ty8jpflgg32lfbnef676wv9ca9qu", "fields": {"session_data": ".eJxVjDsOwjAQRO_iGllrG_8o6TmDtfZucAA5UpxUiLuTSCmgGmnem3mLhOtS09p5TiOJi9BOnH7LjOXJbSf0wHafZJnaMo9Z7oo8aJe3ifh1Pdy_g4q9bmvljOWQCeLAEIhQD2CV38Jn4OJLoOBiAOPORns0ljJGMMGyKYBOic8XDDE31A:1pPepc:P67G9oVqL_S8FO63EROxKQ539n1JrBCwgybzobMlyu0", "expire_date": "2023-02-22T07:25:28.011Z"}}, {"model": "sessions.session", "pk": "kxy6zdunio5vinclx75u5gzn9qdkcxna", "fields": {"session_data": ".eJxVjEEOwiAQRe_C2pDCgIBL956BDMwgVUOT0q6Md7dNutDtf-_9t4i4LjWunec4krgIJU6_W8L85LYDemC7TzJPbZnHJHdFHrTL20T8uh7u30HFXrcaMLuASAoD0OCMK3CGoJERSINNg9Z-IwVcNoWL91CsNomzYm-yTeLzBelhODM:1pQBaP:7omh28bAhJCOjzyIlqLRRPZL2Oal5mjKSb2L0qCUyf0", "expire_date": "2023-02-23T18:23:57.522Z"}}, {"model": "sessions.session", "pk": "mayqkxyn24lr0koy2phd3m0njxtdgkuf", "fields": {"session_data": ".eJxVjEEOwiAQRe_C2pDCgIBL956BDMwgVUOT0q6Md7dNutDtf-_9t4i4LjWunec4krgIJU6_W8L85LYDemC7TzJPbZnHJHdFHrTL20T8uh7u30HFXrcaMLuASAoD0OCMK3CGoJERSINNg9Z-IwVcNoWL91CsNomzYm-yTeLzBelhODM:1pI94e:nYGHyUg6pBl0awxde-RRU-HJj2ryHKcPIPg_q7lI8Zw", "expire_date": "2023-02-01T14:05:56.604Z"}}, {"model": "sessions.session", "pk": "nc3nwyew9jdhukgrhnbkpk1g1hs6xz2f", "fields": {"session_data": ".eJxVjDsOwjAQRO_iGllrG_8o6TmDtfZucAA5UpxUiLuTSCmgGmnem3mLhOtS09p5TiOJi9BOnH7LjOXJbSf0wHafZJnaMo9Z7oo8aJe3ifh1Pdy_g4q9bmvljOWQCeLAEIhQD2CV38Jn4OJLoOBiAOPORns0ljJGMMGyKYBOic8XDDE31A:1pQotM:aYA8j6_ayG9Xh8RmBNoefFP_j6klLXxPeCZvoNntYrI", "expire_date": "2023-02-25T12:22:08.188Z"}}, {"model": "sessions.session", "pk": "olnjtz0avgrm5gqspsq5ke7ar7hj0t02", "fields": {"session_data": ".eJxVjEEOwiAQRe_C2pDCgIBL956BDMwgVUOT0q6Md7dNutDtf-_9t4i4LjWunec4krgIJU6_W8L85LYDemC7TzJPbZnHJHdFHrTL20T8uh7u30HFXrcaMLuASAoD0OCMK3CGoJERSINNg9Z-IwVcNoWL91CsNomzYm-yTeLzBelhODM:1pQDIR:ybCqrP8TsGCqMgh5kcXvNn8EIa--ohfpQItz-o_fawQ", "expire_date": "2023-02-23T20:13:31.310Z"}}, {"model": "sessions.session", "pk": "q0po46owpklhkdtkyds1bp9fvnf739l3", "fields": {"session_data": ".eJxVjEEOwiAQRe_C2pDCgIBL956BDMwgVUOT0q6Md7dNutDtf-_9t4i4LjWunec4krgIJU6_W8L85LYDemC7TzJPbZnHJHdFHrTL20T8uh7u30HFXrcaMLuASAoD0OCMK3CGoJERSINNg9Z-IwVcNoWL91CsNomzYm-yTeLzBelhODM:1pGggt:DAsQVYwLsGgG1IbuiahCvggMPsXCNfV8rKFBqZYxXSY", "expire_date": "2023-01-28T13:35:23.290Z"}}, {"model": "sessions.session", "pk": "wa0xomnuk82goy5sd0o3eldu6yoz0715", "fields": {"session_data": ".eJxVjEEOgjAQRe_StWmGTmnBpXvPQGamg6CmTSisjHdXEha6_e-9_zIDbes0bFWXYU7mbNCZ0-_IJA_NO0l3yrdipeR1mdnuij1otdeS9Hk53L-Dier0rTlA45Q6EFCWiEEhsg_CIUVH5GlEbXsEcL1D9KmJ0qjrRgTupcVg3h8JsTe4:1pGkzk:nON1nF2jsDthlbrIvRGfcXAH3MWKRZ2SaSJGlk3tE-4", "expire_date": "2023-01-28T18:11:08.699Z"}}, {"model": "sessions.session", "pk": "zupfvys753mby7kwx91u4las898ey8rs", "fields": {"session_data": "e30:1pFBG6:N-egyEldPQ4xbB3JQKeM4pgfH8Riu8Sxpbrmcj6_xss", "expire_date": "2023-01-24T09:49:30.339Z"}}, {"model": "accounts.user", "pk": 1, "fields": {"password": "pbkdf2_sha256$390000$GoLpwK5ZNkITDRIz9Qg5m9$JWo8NjJb+iNgmHOsnoa/bOOpAJm8d0E+cSZMMw5ovhU=", "first_name": "admin", "last_name": "admin", "username": "admin", "email": "viditraj20@gmail.com", "phone_number": "", "role": null, "date_joined": "2023-01-07T15:32:34.418Z", "last_login": "2023-02-09T20:13:31.283Z", "created_date": "2023-01-07T15:32:34.418Z", "modified_date": "2023-01-07T15:32:34.418Z", "is_admin": true, "is_staff": true, "is_active": true, "is_superadmin": true}}, {"model": "accounts.user", "pk": 25, "fields": {"password": "pbkdf2_sha256$390000$E3etrjX0669L6cRwQW69bP$36p7jjCwB9wvPs3kdVudpGJidol53Y6K8AhIRQyaQP4=", "first_name": "raja", "last_name": "d", "username": "rajaD", "email": "doril23735@bymercy.com", "phone_number": "", "role": 1, "date_joined": "2023-01-11T07:05:42.134Z", "last_login": "2023-02-07T19:50:49.632Z", "created_date": "2023-01-11T07:05:42.134Z", "modified_date": "2023-01-11T07:05:42.134Z", "is_admin": false, "is_staff": false, "is_active": true, "is_superadmin": false}}, {"model": "accounts.user", "pk": 26, "fields": {"password": "pbkdf2_sha256$390000$LOrbIJ39fiormFbQ5EEIkp$/atoDSO23OnTg4LHMoRrSIiyY4T0W6xOjTzReoNZu7w=", "first_name": "Ashneer", "last_name": "Singh", "username": "Ash", "email": "rockingvidit860@gmail.com", "phone_number": "8604633325", "role": 2, "date_joined": "2023-01-11T08:47:35.126Z", "last_login": "2023-02-11T12:42:09.081Z", "created_date": "2023-01-11T08:47:35.126Z", "modified_date": "2023-01-11T08:47:35.126Z", "is_admin": false, "is_staff": false, "is_active": true, "is_superadmin": false}}, {"model": "accounts.user", "pk": 30, "fields": {"password": "pbkdf2_sha256$390000$J1cIZmQYi9UisA2xnbeAf6$1DxKCAs8NYvjeGyvuD4sCqnf2aj434bjLe78iEcGfGw=", "first_name": "Ram", "last_name": "Singh", "username": "Lucknow Kitchen", "email": "lucknow.kitchen@gmail.com", "phone_number": "", "role": 1, "date_joined": "2023-01-14T13:50:34.931Z", "last_login": "2023-02-01T13:07:24.636Z", "created_date": "2023-01-14T13:50:34.931Z", "modified_date": "2023-01-14T13:50:34.931Z", "is_admin": false, "is_staff": false, "is_active": true, "is_superadmin": false}}, {"model": "accounts.user", "pk": 31, "fields": {"password": "pbkdf2_sha256$390000$6EzDp1GzoGUdda4OKY4ijN$8AuqIwKvUIqezvJLwmX/22HwTm6y3DT7Jkqd4ra3E4Q=", "first_name": "Veena", "last_name": "Shukla", "username": "mummy", "email": "mummykitchen@gmail.com", "phone_number": "", "role": 1, "date_joined": "2023-01-14T14:49:37.869Z", "last_login": "2023-02-08T05:48:41.954Z", "created_date": "2023-01-14T14:49:37.869Z", "modified_date": "2023-01-14T14:49:37.869Z", "is_admin": false, "is_staff": false, "is_active": true, "is_superadmin": false}}, {"model": "accounts.user", "pk": 32, "fields": {"password": "pbkdf2_sha256$390000$i7cFTOCZGRxsSEf2xInAir$jJ0ebPpTcsy2wxSZ17SeQV/dKzKjlN6OXjcMwxz0oDg=", "first_name": "Ritu", "last_name": "Kumari", "username": "ritz", "email": "ritz@gmail.com", "phone_number": "", "role": 1, "date_joined": "2023-01-14T18:10:10.777Z", "last_login": "2023-02-01T13:25:44.857Z", "created_date": "2023-01-14T18:10:10.777Z", "modified_date": "2023-01-14T18:10:10.777Z", "is_admin": false, "is_staff": false, "is_active": true, "is_superadmin": false}}, {"model": "accounts.user", "pk": 33, "fields": {"password": "pbkdf2_sha256$390000$ND20VhZ1K7bCOsQMlPB5EN$1E4vERP3h0kIBSqhwwu+2wRFZtbp1fbvJPeG2Gc7HQM=", "first_name": "Maan", "last_name": "Singh", "username": "maansarovar.resturant", "email": "mcs22004@iiitl.ac.in", "phone_number": "", "role": 1, "date_joined": "2023-02-07T19:43:07.308Z", "last_login": "2023-02-07T19:52:42.436Z", "created_date": "2023-02-07T19:43:07.308Z", "modified_date": "2023-02-07T19:43:07.308Z", "is_admin": false, "is_staff": false, "is_active": true, "is_superadmin": false}}, {"model": "accounts.userprofile", "pk": 1, "fields": {"user": 1, "profile_picture": "users/profile_pictures/DSC_01sdqsadsxz50.jpg", "cover_photo": "users/cover_photos/Screenshot_182.png", "address": "497/100 KHA", "country": "India", "state": "Uttar Pradesh", "city": "Lucknow", "pin_code": "226020", "latitude": null, "longitude": null, "location": null, "created_at": "2023-01-08T12:09:57.825Z", "modified_at": "2023-01-08T12:09:57.825Z"}}, {"model": "accounts.userprofile", "pk": 32, "fields": {"user": 25, "profile_picture": "users/profile_pictures/veg-pizza-600x600.jpg", "cover_photo": "users/cover_photos/cover-photo-1.PNG", "address": "497/100 Kha, Babuganj, Nai Basti", "country": "India", "state": "Uttar Pradesh", "city": "LUCKNOWA", "pin_code": "226020", "latitude": "11.24242", "longitude": "24.456235", "location": "SRID=4326;POINT (24.456235 11.24242)", "created_at": "2023-01-11T07:05:42.140Z", "modified_at": "2023-01-11T07:05:42.140Z"}}, {"model": "accounts.userprofile", "pk": 33, "fields": {"user": 26, "profile_picture": "users/profile_pictures/ashg.jpg", "cover_photo": "users/cover_photos/momos.jpg", "address": "Nirala Nagar, Lucknow, Uttar Pradesh, India", "country": "India", "state": "Uttar Pradesh", "city": "Lucknow", "pin_code": "226020", "latitude": "26.8751607", "longitude": "80.938048", "location": "SRID=4326;POINT (80.938048 26.8751607)", "created_at": "2023-01-11T08:47:35.130Z", "modified_at": "2023-01-11T08:47:35.130Z"}}, {"model": "accounts.userprofile", "pk": 37, "fields": {"user": 30, "profile_picture": "users/profile_pictures/chicken-barbeque.jpg", "cover_photo": "users/cover_photos/chicken-barbeque.jpg", "address": "Delhi Marine Club C-8 Vasant Kunj, Vasant Kunj Road, opposite Ryan International School, Block A, Mahipalpur Village, Vasant Kunj, New Delhi, Delhi, India", "country": "India", "state": "Delhi", "city": "New Delhi", "pin_code": "110070", "latitude": "28.5460259", "longitude": "77.12703619999999", "location": "SRID=4326;POINT (77.12703619999999 28.5460259)", "created_at": "2023-01-14T13:50:34.936Z", "modified_at": "2023-01-14T13:50:34.936Z"}}, {"model": "accounts.userprofile", "pk": 38, "fields": {"user": 31, "profile_picture": "users/profile_pictures/steam-rice_iwfPO04.jpg", "cover_photo": "users/cover_photos/cover-photo-1_ZMyGL6F.PNG", "address": "Babuganj, Daliganj Crossing Road, Bans Mandi, Nirala Nagar, Lucknow, Uttar Pradesh, India", "country": "India", "state": "Uttar Pradesh", "city": "Lucknow", "pin_code": "226020", "latitude": "26.8779061", "longitude": "80.9336783", "location": "SRID=4326;POINT (80.9336783 26.8779061)", "created_at": "2023-01-14T14:49:37.876Z", "modified_at": "2023-01-14T14:49:37.876Z"}}, {"model": "accounts.userprofile", "pk": 39, "fields": {"user": 32, "profile_picture": "users/profile_pictures/profile-picture-4.PNG", "cover_photo": "users/cover_photos/cover-photo-4_tuhNmHG.PNG", "address": "Palasio Mall, Gomti Nagar", "country": "India", "state": "Uttar Pradesh", "city": "Lucknow", "pin_code": "226029", "latitude": "10.123", "longitude": "10.123", "location": "SRID=4326;POINT (10.123 10.123)", "created_at": "2023-01-14T18:10:10.783Z", "modified_at": "2023-01-14T18:10:10.783Z"}}, {"model": "accounts.userprofile", "pk": 40, "fields": {"user": 33, "profile_picture": "users/profile_pictures/momos.jpg", "cover_photo": "users/cover_photos/ashg.jpg", "address": "Nirala Nagar, Lucknow, Uttar Pradesh, India", "country": "India", "state": "Uttar Pradesh", "city": "Lucknow", "pin_code": "226020", "latitude": "26.8751607", "longitude": "80.938048", "location": "SRID=4326;POINT (80.938048 26.8751607)", "created_at": "2023-02-07T19:43:07.316Z", "modified_at": "2023-02-07T19:43:07.316Z"}}, {"model": "vendor.vendor", "pk": 3, "fields": {"user": 25, "user_profile": 32, "vendor_name": "Rahul Ka Dhaba", "vendor_slug": "rahul-ka-dhaba", "vendor_license": "vendor/license/italian-pizza-600x600_T5hGXi4.jpg", "rating": 4.0, "no_of_rating": 1, "is_approved": true, "created_at": "2023-01-11T07:05:42.169Z", "modified_at": "2023-01-11T07:05:42.169Z"}}, {"model": "vendor.vendor", "pk": 5, "fields": {"user": 30, "user_profile": 37, "vendor_name": "Lucknow Kitchen", "vendor_slug": "lucknow-kitchen", "vendor_license": "vendor/license/italian-pizza-600x600_ini0X7G.jpg", "rating": 4.0, "no_of_rating": 0, "is_approved": true, "created_at": "2023-01-14T13:50:34.957Z", "modified_at": "2023-01-14T13:50:34.957Z"}}, {"model": "vendor.vendor", "pk": 6, "fields": {"user": 31, "user_profile": 38, "vendor_name": "Mummy Ka Kitchen", "vendor_slug": "mummy-ka-kitchen", "vendor_license": "vendor/license/italian-pizza-600x600_aKsdyWs.jpg", "rating": 3.0, "no_of_rating": 17, "is_approved": true, "created_at": "2023-01-14T14:49:37.899Z", "modified_at": "2023-01-14T14:49:37.899Z"}}, {"model": "vendor.vendor", "pk": 7, "fields": {"user": 32, "user_profile": 39, "vendor_name": "Ritz", "vendor_slug": "ritz-32", "vendor_license": "vendor/license/italian-pizza-600x600_fgXS9lN.jpg", "rating": 3.0, "no_of_rating": 0, "is_approved": true, "created_at": "2023-01-14T18:10:10.821Z", "modified_at": "2023-01-14T18:10:10.821Z"}}, {"model": "vendor.vendor", "pk": 8, "fields": {"user": 33, "user_profile": 40, "vendor_name": "Maansarovar", "vendor_slug": "maansarovar", "vendor_license": "vendor/license/pexels-marvin-ozz-2474661_4GsPre7.jpg", "rating": 2.5, "no_of_rating": 0, "is_approved": true, "created_at": "2023-02-07T19:43:07.365Z", "modified_at": "2023-02-07T19:43:07.365Z"}}, {"model": "vendor.openinghour", "pk": 37, "fields": {"vendor": 6, "day": 2, "from_hour": "08:30 AM", "to_hour": "07:30 AM", "is_closed": true}}, {"model": "vendor.openinghour", "pk": 38, "fields": {"vendor": 6, "day": 1, "from_hour": "08:00 AM", "to_hour": "10:00 AM", "is_closed": false}}, {"model": "vendor.openinghour", "pk": 39, "fields": {"vendor": 5, "day": 1, "from_hour": "12:30 AM", "to_hour": "05:30 AM", "is_closed": false}}, {"model": "vendor.openinghour", "pk": 40, "fields": {"vendor": 5, "day": 3, "from_hour": "12:30 AM", "to_hour": "11:30 PM", "is_closed": false}}, {"model": "vendor.openinghour", "pk": 41, "fields": {"vendor": 5, "day": 2, "from_hour": "01:00 AM", "to_hour": "09:30 PM", "is_closed": false}}, {"model": "vendor.openinghour", "pk": 42, "fields": {"vendor": 5, "day": 1, "from_hour": "08:00 AM", "to_hour": "10:00 AM", "is_closed": false}}, {"model": "vendor.openinghour", "pk": 43, "fields": {"vendor": 5, "day": 3, "from_hour": "08:30 AM", "to_hour": "09:00 AM", "is_closed": false}}, {"model": "vendor.openinghour", "pk": 45, "fields": {"vendor": 3, "day": 2, "from_hour": "08:30 AM", "to_hour": "08:30 PM", "is_closed": false}}, {"model": "vendor.openinghour", "pk": 46, "fields": {"vendor": 3, "day": 3, "from_hour": "08:30 AM", "to_hour": "08:30 PM", "is_closed": false}}, {"model": "vendor.openinghour", "pk": 47, "fields": {"vendor": 3, "day": 4, "from_hour": "08:30 AM", "to_hour": "09:00 PM", "is_closed": false}}, {"model": "vendor.openinghour", "pk": 48, "fields": {"vendor": 3, "day": 5, "from_hour": "08:30 AM", "to_hour": "11:00 PM", "is_closed": false}}, {"model": "vendor.openinghour", "pk": 49, "fields": {"vendor": 3, "day": 6, "from_hour": "08:30 AM", "to_hour": "11:00 PM", "is_closed": false}}, {"model": "vendor.openinghour", "pk": 52, "fields": {"vendor": 3, "day": 1, "from_hour": "08:30 AM", "to_hour": "11:00 PM", "is_closed": true}}, {"model": "vendor.openinghour", "pk": 53, "fields": {"vendor": 7, "day": 1, "from_hour": "12:30 AM", "to_hour": "11:00 PM", "is_closed": false}}, {"model": "vendor.openinghour", "pk": 54, "fields": {"vendor": 7, "day": 2, "from_hour": "12:30 AM", "to_hour": "11:00 PM", "is_closed": false}}, {"model": "vendor.openinghour", "pk": 55, "fields": {"vendor": 7, "day": 3, "from_hour": "12:30 AM", "to_hour": "11:00 PM", "is_closed": false}}, {"model": "vendor.openinghour", "pk": 56, "fields": {"vendor": 7, "day": 4, "from_hour": "12:30 AM", "to_hour": "11:00 PM", "is_closed": true}}, {"model": "vendor.openinghour", "pk": 57, "fields": {"vendor": 7, "day": 5, "from_hour": "12:30 AM", "to_hour": "11:00 PM", "is_closed": false}}, {"model": "vendor.openinghour", "pk": 58, "fields": {"vendor": 7, "day": 6, "from_hour": "12:30 AM", "to_hour": "11:00 PM", "is_closed": false}}, {"model": "vendor.openinghour", "pk": 59, "fields": {"vendor": 7, "day": 7, "from_hour": "12:30 AM", "to_hour": "11:00 PM", "is_closed": false}}, {"model": "vendor.openinghour", "pk": 60, "fields": {"vendor": 3, "day": 7, "from_hour": "12:00 AM", "to_hour": "11:30 PM", "is_closed": false}}, {"model": "vendor.openinghour", "pk": 61, "fields": {"vendor": 8, "day": 3, "from_hour": "12:00 AM", "to_hour": "11:30 PM", "is_closed": false}}, {"model": "menu.category", "pk": 1, "fields": {"vendor": 3, "category_name": "Burgers", "slug": "burgers", "description": "Desi burger category", "created_at": "2023-01-12T16:43:40.485Z", "updated_at": "2023-01-12T18:39:39.758Z"}}, {"model": "menu.category", "pk": 2, "fields": {"vendor": 3, "category_name": "Pizza", "slug": "pizza", "description": "Test pizza category", "created_at": "2023-01-12T16:45:41.954Z", "updated_at": "2023-01-12T16:45:41.954Z"}}, {"model": "menu.category", "pk": 3, "fields": {"vendor": 3, "category_name": "Sea food", "slug": "sea-food", "description": "sea food category", "created_at": "2023-01-12T16:46:04.733Z", "updated_at": "2023-01-12T16:46:04.733Z"}}, {"model": "menu.category", "pk": 4, "fields": {"vendor": 3, "category_name": "Chicken", "slug": "chicken", "description": "chicken category", "created_at": "2023-01-12T16:46:24.999Z", "updated_at": "2023-01-12T16:46:24.999Z"}}, {"model": "menu.category", "pk": 6, "fields": {"vendor": 3, "category_name": "Breads", "slug": "breads", "description": "Indian breads and rotis", "created_at": "2023-01-12T18:11:04.810Z", "updated_at": "2023-01-12T18:11:04.810Z"}}, {"model": "menu.category", "pk": 9, "fields": {"vendor": 6, "category_name": "Pizza", "slug": "pizza-9", "description": "Chessy pizzas", "created_at": "2023-01-14T15:01:11.399Z", "updated_at": "2023-01-24T11:13:03.055Z"}}, {"model": "menu.category", "pk": 10, "fields": {"vendor": 6, "category_name": "Pasta", "slug": "pasta-None", "description": "Awesome Italian pastas", "created_at": "2023-01-24T11:10:15.659Z", "updated_at": "2023-01-24T11:10:15.659Z"}}, {"model": "menu.category", "pk": 11, "fields": {"vendor": 7, "category_name": "Daal", "slug": "daal-None", "description": "Indian Desi Daals", "created_at": "2023-02-01T13:26:02.714Z", "updated_at": "2023-02-01T13:26:02.714Z"}}, {"model": "menu.category", "pk": 12, "fields": {"vendor": 7, "category_name": "Continental", "slug": "continental-None", "description": "Momos and Sushi", "created_at": "2023-02-01T13:35:17.966Z", "updated_at": "2023-02-01T13:35:17.966Z"}}, {"model": "menu.category", "pk": 13, "fields": {"vendor": 8, "category_name": "Noodles", "slug": "noodles-None", "description": "Spicy noodles", "created_at": "2023-02-07T19:46:20.008Z", "updated_at": "2023-02-07T19:46:20.008Z"}}, {"model": "menu.fooditem", "pk": 1, "fields": {"vendor": 3, "category": 1, "food_title": "Aloo Tikki Burger", "slug": "aloo-tikki-burger", "description": "Made of Aloo Tikki", "price": "60.00", "image": "foodimages/burger-600x600.jpg", "rating": 4, "is_available": true, "created_at": "2023-01-12T16:55:06.138Z", "updated_at": "2023-02-04T18:36:01.112Z", "is_non_veg": null}}, {"model": "menu.fooditem", "pk": 2, "fields": {"vendor": 3, "category": 2, "food_title": "Veg Pizza", "slug": "veg-pizza", "description": "Veg Pizza made of veggies", "price": "150.00", "image": "foodimages/brand_pic3.jpg", "rating": 5, "is_available": true, "created_at": "2023-01-12T16:56:17.802Z", "updated_at": "2023-02-04T18:35:54.967Z", "is_non_veg": null}}, {"model": "menu.fooditem", "pk": 3, "fields": {"vendor": 3, "category": 3, "food_title": "Lobster", "slug": "lobster", "description": "sea food", "price": "450.00", "image": "foodimages/chicken-barbeque.jpg", "rating": 2, "is_available": true, "created_at": "2023-01-12T16:56:54.838Z", "updated_at": "2023-02-04T18:35:48.045Z", "is_non_veg": null}}, {"model": "menu.fooditem", "pk": 4, "fields": {"vendor": 3, "category": 4, "food_title": "Tandoori Chicken", "slug": "tandoori-chicken", "description": "tandoori spicy chicken", "price": "360.00", "image": "foodimages/chicken-600x600.jpg", "rating": 3, "is_available": true, "created_at": "2023-01-12T16:57:32.952Z", "updated_at": "2023-02-04T18:36:09.847Z", "is_non_veg": null}}, {"model": "menu.fooditem", "pk": 5, "fields": {"vendor": 3, "category": 4, "food_title": "Kebab", "slug": "kebab", "description": "Lucknowi kebabs", "price": "40.00", "image": "foodimages/chicken-600x600_LwxnySM.jpg", "rating": 4, "is_available": true, "created_at": "2023-01-12T19:13:45.263Z", "updated_at": "2023-02-04T18:35:32.162Z", "is_non_veg": null}}, {"model": "menu.fooditem", "pk": 7, "fields": {"vendor": 3, "category": 6, "food_title": "Tandoori Roti", "slug": "tandoori-roti", "description": "tandoor", "price": "100.00", "image": "foodimages/burger-600x600_vGVAucP.jpg", "rating": 3, "is_available": true, "created_at": "2023-01-14T07:59:46.421Z", "updated_at": "2023-02-04T18:35:25.856Z", "is_non_veg": null}}, {"model": "menu.fooditem", "pk": 9, "fields": {"vendor": 3, "category": 6, "food_title": "Paneer Paratha", "slug": "paneer-paratha", "description": "Paneer stuffed paratha", "price": "120.00", "image": "foodimages/brand_pic3_Kt7PQyk.jpg", "rating": 4, "is_available": true, "created_at": "2023-01-14T12:04:31.806Z", "updated_at": "2023-02-04T18:35:19.532Z", "is_non_veg": null}}, {"model": "menu.fooditem", "pk": 11, "fields": {"vendor": 6, "category": 9, "food_title": "magrita pizza", "slug": "magrita-pizza-mummy-ka-kitchen", "description": "", "price": "120.00", "image": "foodimages/brand_pic3_5L4qZkx.jpg", "rating": 2, "is_available": true, "created_at": "2023-01-14T15:24:51.231Z", "updated_at": "2023-02-04T18:35:10.598Z", "is_non_veg": null}}, {"model": "menu.fooditem", "pk": 12, "fields": {"vendor": 6, "category": 9, "food_title": "Farm House", "slug": "farm-house-None", "description": "Loaded with veggies", "price": "100.00", "image": "foodimages/brand_pic3_ZmLOJfe.jpg", "rating": 4, "is_available": true, "created_at": "2023-01-24T11:09:31.972Z", "updated_at": "2023-02-04T12:24:15.347Z", "is_non_veg": null}}, {"model": "menu.fooditem", "pk": 13, "fields": {"vendor": 6, "category": 10, "food_title": "White sauce pasta", "slug": "white-sauce-pasta-None", "description": "", "price": "80.00", "image": "foodimages/profile-picture-2.PNG", "rating": 5, "is_available": true, "created_at": "2023-01-24T11:10:53.906Z", "updated_at": "2023-02-04T12:24:07.673Z", "is_non_veg": null}}, {"model": "menu.fooditem", "pk": 14, "fields": {"vendor": 7, "category": 11, "food_title": "Daal Makhani", "slug": "daal-makhani-None", "description": "Delicious Daal", "price": "80.00", "image": "foodimages/pexels-marvin-ozz-2474661.jpg", "rating": 3, "is_available": true, "created_at": "2023-02-01T13:29:03.024Z", "updated_at": "2023-02-04T12:24:00.447Z", "is_non_veg": null}}, {"model": "menu.fooditem", "pk": 15, "fields": {"vendor": 7, "category": 12, "food_title": "Veg Momos", "slug": "veg-momos-None", "description": "Steamed Momos", "price": "80.00", "image": "foodimages/momos.jpg", "rating": 4, "is_available": true, "created_at": "2023-02-01T13:36:40.479Z", "updated_at": "2023-02-04T12:23:53.143Z", "is_non_veg": null}}, {"model": "menu.fooditem", "pk": 16, "fields": {"vendor": 8, "category": 13, "food_title": "veg noodles", "slug": "veg-noodles-None", "description": "", "price": "60.00", "image": "foodimages/momos_A7N6zO0.jpg", "rating": null, "is_available": true, "created_at": "2023-02-07T19:46:55.606Z", "updated_at": "2023-02-07T19:46:55.606Z", "is_non_veg": null}}, {"model": "menu.fooditem", "pk": 17, "fields": {"vendor": 6, "category": 9, "food_title": "Chicken Pizza", "slug": "chicken-pizza-None", "description": "", "price": "200.00", "image": "foodimages/logo.png", "rating": null, "is_available": true, "created_at": "2023-02-08T05:33:54.561Z", "updated_at": "2023-02-08T05:33:54.561Z", "is_non_veg": true}}, {"model": "orders.payment", "pk": 1, "fields": {"user": 26, "transaction_id": "30E98953K8904902M", "payment_method": "PayPal", "amount": "553.5", "status": "COMPLETED", "created_at": "2023-02-02T18:13:53.096Z"}}, {"model": "orders.payment", "pk": 2, "fields": {"user": 26, "transaction_id": "958609661M214353F", "payment_method": "PayPal", "amount": "553.5", "status": "COMPLETED", "created_at": "2023-02-02T18:29:44.941Z"}}, {"model": "orders.payment", "pk": 3, "fields": {"user": 26, "transaction_id": "95M448683X984890P", "payment_method": "PayPal", "amount": "184.5", "status": "COMPLETED", "created_at": "2023-02-02T18:40:45.418Z"}}, {"model": "orders.payment", "pk": 4, "fields": {"user": 26, "transaction_id": "7Y4868346U6606209", "payment_method": "PayPal", "amount": "184.5", "status": "COMPLETED", "created_at": "2023-02-02T18:42:13.803Z"}}, {"model": "orders.payment", "pk": 5, "fields": {"user": 26, "transaction_id": "8PF27326XD081204G", "payment_method": "PayPal", "amount": "184.5", "status": "COMPLETED", "created_at": "2023-02-02T18:43:37.269Z"}}, {"model": "orders.payment", "pk": 6, "fields": {"user": 26, "transaction_id": "5TA426904A624152B", "payment_method": "PayPal", "amount": "184.5", "status": "COMPLETED", "created_at": "2023-02-02T18:45:13.897Z"}}, {"model": "orders.payment", "pk": 7, "fields": {"user": 26, "transaction_id": "31X6545539841635T", "payment_method": "PayPal", "amount": "184.5", "status": "COMPLETED", "created_at": "2023-02-02T18:48:41.863Z"}}, {"model": "orders.payment", "pk": 8, "fields": {"user": 26, "transaction_id": "9D903005H2530574R", "payment_method": "PayPal", "amount": "184.5", "status": "COMPLETED", "created_at": "2023-02-02T18:50:30.126Z"}}, {"model": "orders.payment", "pk": 9, "fields": {"user": 26, "transaction_id": "95173753FX745012N", "payment_method": "PayPal", "amount": "184.5", "status": "COMPLETED", "created_at": "2023-02-02T18:59:51.599Z"}}, {"model": "orders.payment", "pk": 10, "fields": {"user": 26, "transaction_id": "3UV34327VS214972B", "payment_method": "PayPal", "amount": "184.5", "status": "COMPLETED", "created_at": "2023-02-02T19:01:54.462Z"}}, {"model": "orders.payment", "pk": 11, "fields": {"user": 26, "transaction_id": "4SM42474PA337414W", "payment_method": "PayPal", "amount": "184.5", "status": "COMPLETED", "created_at": "2023-02-02T19:08:26.470Z"}}, {"model": "orders.payment", "pk": 12, "fields": {"user": 26, "transaction_id": "77N71412TE975704S", "payment_method": "PayPal", "amount": "184.5", "status": "COMPLETED", "created_at": "2023-02-02T19:15:39.092Z"}}, {"model": "orders.payment", "pk": 13, "fields": {"user": 26, "transaction_id": "43Y62330GA371115J", "payment_method": "PayPal", "amount": "184.5", "status": "COMPLETED", "created_at": "2023-02-02T19:17:21.154Z"}}, {"model": "orders.payment", "pk": 14, "fields": {"user": 26, "transaction_id": "3H184541MC9722515", "payment_method": "PayPal", "amount": "184.5", "status": "COMPLETED", "created_at": "2023-02-02T19:18:37.813Z"}}, {"model": "orders.payment", "pk": 15, "fields": {"user": 26, "transaction_id": "44E713172N409435B", "payment_method": "PayPal", "amount": "184.5", "status": "COMPLETED", "created_at": "2023-02-02T19:26:51.936Z"}}, {"model": "orders.payment", "pk": 16, "fields": {"user": 26, "transaction_id": "pay_LBhQWFCgZwpmje", "payment_method": "RazorPay", "amount": "184.5", "status": "Success", "created_at": "2023-02-02T19:58:23.329Z"}}, {"model": "orders.payment", "pk": 17, "fields": {"user": 26, "transaction_id": "pay_LBhSFdCGu6uUyl", "payment_method": "RazorPay", "amount": "184.5", "status": "Success", "created_at": "2023-02-02T19:59:55.288Z"}}, {"model": "orders.payment", "pk": 18, "fields": {"user": 26, "transaction_id": "pay_LBhV3EXORj9oVy", "payment_method": "RazorPay", "amount": "184.5", "status": "Success", "created_at": "2023-02-02T20:02:34.397Z"}}, {"model": "orders.payment", "pk": 19, "fields": {"user": 26, "transaction_id": "pay_LBhYQczyhbYNqS", "payment_method": "RazorPay", "amount": "184.5", "status": "Success", "created_at": "2023-02-02T20:05:45.781Z"}}, {"model": "orders.payment", "pk": 20, "fields": {"user": 26, "transaction_id": "pay_LBhaB5mK9XYevi", "payment_method": "RazorPay", "amount": "184.5", "status": "Success", "created_at": "2023-02-02T20:07:25.723Z"}}, {"model": "orders.payment", "pk": 21, "fields": {"user": 26, "transaction_id": "pay_LBhip7F7bIrXiM", "payment_method": "RazorPay", "amount": "184.5", "status": "COMPLETED", "created_at": "2023-02-02T20:15:40.467Z"}}, {"model": "orders.payment", "pk": 22, "fields": {"user": 26, "transaction_id": "pay_LCMQhLYTesViCK", "payment_method": "RazorPay", "amount": "196.8", "status": "COMPLETED", "created_at": "2023-02-04T12:04:55.528Z"}}, {"model": "orders.payment", "pk": 23, "fields": {"user": 26, "transaction_id": "pay_LDb6KK0Qw4AQmy", "payment_method": "RazorPay", "amount": "282.9", "status": "COMPLETED", "created_at": "2023-02-07T15:05:03.276Z"}}, {"model": "orders.payment", "pk": 24, "fields": {"user": 26, "transaction_id": "pay_LDcUdAEjJoD9bp", "payment_method": "RazorPay", "amount": "959.4", "status": "COMPLETED", "created_at": "2023-02-07T16:26:43.579Z"}}, {"model": "orders.payment", "pk": 25, "fields": {"user": 26, "transaction_id": "pay_LDeU3dxetmECzK", "payment_method": "RazorPay", "amount": "196.8", "status": "COMPLETED", "created_at": "2023-02-07T18:23:34.144Z"}}, {"model": "orders.payment", "pk": 26, "fields": {"user": 26, "transaction_id": "pay_LDeuuIti2uCOKm", "payment_method": "RazorPay", "amount": "221.4", "status": "COMPLETED", "created_at": "2023-02-07T18:48:59.416Z"}}, {"model": "orders.payment", "pk": 27, "fields": {"user": 26, "transaction_id": "pay_LDfBlLUWorgrSa", "payment_method": "RazorPay", "amount": "738.0", "status": "COMPLETED", "created_at": "2023-02-07T19:04:56.564Z"}}, {"model": "orders.payment", "pk": 28, "fields": {"user": 25, "transaction_id": "pay_LDfKkiyqv7ODBI", "payment_method": "RazorPay", "amount": "221.4", "status": "COMPLETED", "created_at": "2023-02-07T19:13:27.315Z"}}, {"model": "orders.payment", "pk": 29, "fields": {"user": 26, "transaction_id": "pay_LDfMHkAv3UAzF4", "payment_method": "RazorPay", "amount": "246.0", "status": "COMPLETED", "created_at": "2023-02-07T19:14:54.416Z"}}, {"model": "orders.payment", "pk": 30, "fields": {"user": 26, "transaction_id": "pay_LDfYDwLfRG48ph", "payment_method": "RazorPay", "amount": "98.4", "status": "COMPLETED", "created_at": "2023-02-07T19:26:12.070Z"}}, {"model": "orders.payment", "pk": 31, "fields": {"user": 26, "transaction_id": "pay_LDfv8uXpUnXktb", "payment_method": "RazorPay", "amount": "147.6", "status": "COMPLETED", "created_at": "2023-02-07T19:47:54.291Z"}}, {"model": "orders.order", "pk": 48, "fields": {"user": 26, "payment": 25, "order_number": "202302072348", "first_name": "Ashneer", "last_name": "Singh", "phone": "8604633325", "email": "rockingvidit860@gmail.com", "address": "Nirala Nagar, Lucknow, Uttar Pradesh, India", "country": "India", "state": "Uttar Pradesh", "city": "Lucknow", "pin_code": "226020", "total": 196.8, "tax_data": "{\"GST\": {\"18.00\": 28.80}, \"SGST\": {\"5.00\": 8.00}}", "total_data": "{\"6\": {\"160.00\": \"{'GST': {'18.00': '29'}, 'SGST': {'5.00': '8'}}\"}}", "total_tax": 36.8, "payment_method": "RazorPay", "status": "Completed", "is_ordered": true, "created_at": "2023-02-07T18:23:06.643Z", "updated_at": "2023-02-08T06:53:55.560Z", "vendors": [6]}}, {"model": "orders.order", "pk": 49, "fields": {"user": 26, "payment": 26, "order_number": "202302080049", "first_name": "Ashneer", "last_name": "Singh", "phone": "8604633325", "email": "rockingvidit860@gmail.com", "address": "Nirala Nagar, Lucknow, Uttar Pradesh, India", "country": "India", "state": "Uttar Pradesh", "city": "Lucknow", "pin_code": "226020", "total": 221.4, "tax_data": "{\"GST\": {\"18.00\": 32.40}, \"SGST\": {\"5.00\": 9.00}}", "total_data": "{\"6\": {\"180.00\": \"{'GST': {'18.00': '32'}, 'SGST': {'5.00': '9'}}\"}}", "total_tax": 41.4, "payment_method": "RazorPay", "status": "Cancelled", "is_ordered": true, "created_at": "2023-02-07T18:48:33.520Z", "updated_at": "2023-02-08T06:55:06.014Z", "vendors": [6]}}, {"model": "orders.order", "pk": 50, "fields": {"user": 26, "payment": 27, "order_number": "202302080050", "first_name": "Ashneer", "last_name": "Singh", "phone": "8604633325", "email": "rockingvidit860@gmail.com", "address": "Nirala Nagar, Lucknow, Uttar Pradesh, India", "country": "India", "state": "Uttar Pradesh", "city": "Lucknow", "pin_code": "226020", "total": 738.0, "tax_data": "{\"GST\": {\"18.00\": 108.00}, \"SGST\": {\"5.00\": 30.00}}", "total_data": "{\"3\": {\"600.00\": \"{'GST': {'18.00': '108'}, 'SGST': {'5.00': '30'}}\"}}", "total_tax": 138.0, "payment_method": "RazorPay", "status": "New", "is_ordered": true, "created_at": "2023-02-07T19:04:35.029Z", "updated_at": "2023-02-07T19:04:56.566Z", "vendors": [3]}}, {"model": "orders.order", "pk": 51, "fields": {"user": 25, "payment": 28, "order_number": "202302080051", "first_name": "raja", "last_name": "d", "phone": "", "email": "doril23735@bymercy.com", "address": "497/100 Kha, Babuganj, Nai Basti", "country": "India", "state": "Uttar Pradesh", "city": "LUCKNOWA", "pin_code": "226020", "total": 221.4, "tax_data": "{\"GST\": {\"18.00\": 32.40}, \"SGST\": {\"5.00\": 9.00}}", "total_data": "{\"6\": {\"180.00\": \"{'GST': {'18.00': '32'}, 'SGST': {'5.00': '9'}}\"}}", "total_tax": 41.4, "payment_method": "RazorPay", "status": "New", "is_ordered": true, "created_at": "2023-02-07T19:12:54.354Z", "updated_at": "2023-02-07T19:13:27.327Z", "vendors": [6]}}, {"model": "orders.order", "pk": 52, "fields": {"user": 26, "payment": 29, "order_number": "202302080052", "first_name": "Ashneer", "last_name": "Singh", "phone": "8604633325", "email": "rockingvidit860@gmail.com", "address": "Nirala Nagar, Lucknow, Uttar Pradesh, India", "country": "India", "state": "Uttar Pradesh", "city": "Lucknow", "pin_code": "226020", "total": 246.0, "tax_data": "{\"GST\": {\"18.00\": 36.00}, \"SGST\": {\"5.00\": 10.00}}", "total_data": "{\"6\": {\"200.00\": \"{'GST': {'18.00': '36'}, 'SGST': {'5.00': '10'}}\"}}", "total_tax": 46.0, "payment_method": "RazorPay", "status": "New", "is_ordered": true, "created_at": "2023-02-07T19:14:32.623Z", "updated_at": "2023-02-07T19:14:54.422Z", "vendors": [6]}}, {"model": "orders.order", "pk": 53, "fields": {"user": 26, "payment": 30, "order_number": "202302080053", "first_name": "Ashneer", "last_name": "Singh", "phone": "8604633325", "email": "rockingvidit860@gmail.com", "address": "Nirala Nagar, Lucknow, Uttar Pradesh, India", "country": "India", "state": "Uttar Pradesh", "city": "Lucknow", "pin_code": "226020", "total": 98.4, "tax_data": "{\"GST\": {\"18.00\": 14.40}, \"SGST\": {\"5.00\": 4.00}}", "total_data": "{\"6\": {\"80.00\": \"{'GST': {'18.00': '14'}, 'SGST': {'5.00': '4'}}\"}}", "total_tax": 18.4, "payment_method": "RazorPay", "status": "New", "is_ordered": true, "created_at": "2023-02-07T19:25:55.094Z", "updated_at": "2023-02-07T19:26:12.076Z", "vendors": [6]}}, {"model": "orders.order", "pk": 54, "fields": {"user": 26, "payment": 31, "order_number": "202302080154", "first_name": "Ashneer", "last_name": "Singh", "phone": "8604633325", "email": "rockingvidit860@gmail.com", "address": "Nirala Nagar, Lucknow, Uttar Pradesh, India", "country": "India", "state": "Uttar Pradesh", "city": "Lucknow", "pin_code": "226020", "total": 147.6, "tax_data": "{\"GST\": {\"18.00\": 21.60}, \"SGST\": {\"5.00\": 6.00}}", "total_data": "{\"8\": {\"120.00\": \"{'GST': {'18.00': '22'}, 'SGST': {'5.00': '6'}}\"}}", "total_tax": 27.6, "payment_method": "RazorPay", "status": "New", "is_ordered": true, "created_at": "2023-02-07T19:47:36.354Z", "updated_at": "2023-02-07T19:47:54.293Z", "vendors": [8]}}, {"model": "orders.orderedfood", "pk": 30, "fields": {"order": 48, "payment": 25, "user": 26, "fooditem": 13, "quantity": 2, "price": 80.0, "amount": 160.0, "created_at": "2023-02-07T18:23:34.160Z", "updated_at": "2023-02-07T18:23:34.160Z"}}, {"model": "orders.orderedfood", "pk": 31, "fields": {"order": 49, "payment": 26, "user": 26, "fooditem": 13, "quantity": 1, "price": 80.0, "amount": 80.0, "created_at": "2023-02-07T18:48:59.435Z", "updated_at": "2023-02-07T18:48:59.435Z"}}, {"model": "orders.orderedfood", "pk": 32, "fields": {"order": 49, "payment": 26, "user": 26, "fooditem": 12, "quantity": 1, "price": 100.0, "amount": 100.0, "created_at": "2023-02-07T18:48:59.439Z", "updated_at": "2023-02-07T18:48:59.439Z"}}, {"model": "orders.orderedfood", "pk": 33, "fields": {"order": 50, "payment": 27, "user": 26, "fooditem": 2, "quantity": 1, "price": 150.0, "amount": 150.0, "created_at": "2023-02-07T19:04:56.578Z", "updated_at": "2023-02-07T19:04:56.578Z"}}, {"model": "orders.orderedfood", "pk": 34, "fields": {"order": 50, "payment": 27, "user": 26, "fooditem": 3, "quantity": 1, "price": 450.0, "amount": 450.0, "created_at": "2023-02-07T19:04:56.581Z", "updated_at": "2023-02-07T19:04:56.581Z"}}, {"model": "orders.orderedfood", "pk": 35, "fields": {"order": 51, "payment": 28, "user": 25, "fooditem": 13, "quantity": 1, "price": 80.0, "amount": 80.0, "created_at": "2023-02-07T19:13:27.340Z", "updated_at": "2023-02-07T19:13:27.340Z"}}, {"model": "orders.orderedfood", "pk": 36, "fields": {"order": 51, "payment": 28, "user": 25, "fooditem": 12, "quantity": 1, "price": 100.0, "amount": 100.0, "created_at": "2023-02-07T19:13:27.342Z", "updated_at": "2023-02-07T19:13:27.342Z"}}, {"model": "orders.orderedfood", "pk": 37, "fields": {"order": 52, "payment": 29, "user": 26, "fooditem": 13, "quantity": 1, "price": 80.0, "amount": 80.0, "created_at": "2023-02-07T19:14:54.431Z", "updated_at": "2023-02-07T19:14:54.431Z"}}, {"model": "orders.orderedfood", "pk": 38, "fields": {"order": 52, "payment": 29, "user": 26, "fooditem": 11, "quantity": 1, "price": 120.0, "amount": 120.0, "created_at": "2023-02-07T19:14:54.433Z", "updated_at": "2023-02-07T19:14:54.433Z"}}, {"model": "orders.orderedfood", "pk": 39, "fields": {"order": 53, "payment": 30, "user": 26, "fooditem": 13, "quantity": 1, "price": 80.0, "amount": 80.0, "created_at": "2023-02-07T19:26:12.083Z", "updated_at": "2023-02-07T19:26:12.083Z"}}, {"model": "orders.orderedfood", "pk": 40, "fields": {"order": 54, "payment": 31, "user": 26, "fooditem": 16, "quantity": 2, "price": 60.0, "amount": 120.0, "created_at": "2023-02-07T19:47:54.304Z", "updated_at": "2023-02-07T19:47:54.304Z"}}, {"model": "marketplace.cart", "pk": 36, "fields": {"user": 30, "fooditem": 2, "quantity": 1, "created_at": "2023-02-01T13:15:32.844Z", "updated_at": "2023-02-01T13:15:32.844Z"}}, {"model": "marketplace.cart", "pk": 42, "fields": {"user": 32, "fooditem": 14, "quantity": 3, "created_at": "2023-02-01T15:27:11.557Z", "updated_at": "2023-02-01T15:33:26.699Z"}}, {"model": "marketplace.cart", "pk": 44, "fields": {"user": 1, "fooditem": 14, "quantity": 1, "created_at": "2023-02-01T15:33:51.798Z", "updated_at": "2023-02-09T19:47:37.312Z"}}, {"model": "marketplace.cart", "pk": 70, "fields": {"user": 26, "fooditem": 5, "quantity": 2, "created_at": "2023-02-11T13:11:03.349Z", "updated_at": "2023-02-11T13:11:10.519Z"}}, {"model": "marketplace.tax", "pk": 1, "fields": {"tax_type": "GST", "tax_percentage": "18.00", "is_active": true}}, {"model": "marketplace.tax", "pk": 2, "fields": {"tax_type": "SGST", "tax_percentage": "5.00", "is_active": true}}, {"model": "reviews.vendorreviews", "pk": 1, "fields": {"user": 26, "vendor": 6, "content": "Awsome food but not cheap", "likes": 2, "dislikes": 0, "created_at": "2023-02-09T18:31:14.692Z", "updated_at": "2023-02-09T20:01:59.763Z", "rating_given": 3}}, {"model": "reviews.vendorreviews", "pk": 2, "fields": {"user": 26, "vendor": 6, "content": "Good food", "likes": 0, "dislikes": 0, "created_at": "2023-02-09T20:14:05.341Z", "updated_at": "2023-02-09T20:14:05.341Z", "rating_given": 3}}, {"model": "reviews.vendorreviews", "pk": 3, "fields": {"user": 26, "vendor": 6, "content": "Not so good", "likes": 0, "dislikes": 0, "created_at": "2023-02-09T20:14:18.695Z", "updated_at": "2023-02-09T20:14:18.695Z", "rating_given": 1}}, {"model": "reviews.vendorreviews", "pk": 4, "fields": {"user": 26, "vendor": 6, "content": "Execellent pricing", "likes": 0, "dislikes": 0, "created_at": "2023-02-09T20:14:38.302Z", "updated_at": "2023-02-09T20:14:38.302Z", "rating_given": 5}}, {"model": "reviews.vendorreviews", "pk": 7, "fields": {"user": 26, "vendor": 6, "content": "Good food loved it", "likes": 0, "dislikes": 0, "created_at": "2023-02-09T21:32:15.825Z", "updated_at": "2023-02-09T21:32:15.826Z", "rating_given": 5}}, {"model": "reviews.vendorreviews", "pk": 8, "fields": {"user": 26, "vendor": 6, "content": "Good food loved it", "likes": 0, "dislikes": 0, "created_at": "2023-02-09T21:33:01.535Z", "updated_at": "2023-02-09T21:33:01.535Z", "rating_given": 5}}, {"model": "reviews.vendorreviews", "pk": 9, "fields": {"user": 26, "vendor": 6, "content": "Worst", "likes": 0, "dislikes": 0, "created_at": "2023-02-09T21:34:25.006Z", "updated_at": "2023-02-09T21:34:25.006Z", "rating_given": 1}}, {"model": "reviews.vendorreviews", "pk": 10, "fields": {"user": 26, "vendor": 6, "content": "Worst", "likes": 0, "dislikes": 0, "created_at": "2023-02-09T21:36:36.534Z", "updated_at": "2023-02-09T21:36:36.534Z", "rating_given": 1}}, {"model": "reviews.vendorreviews", "pk": 11, "fields": {"user": 26, "vendor": 6, "content": "Good and bad", "likes": 0, "dislikes": 0, "created_at": "2023-02-09T21:37:06.522Z", "updated_at": "2023-02-11T10:54:49.101Z", "rating_given": 3}}, {"model": "reviews.vendorreviews", "pk": 12, "fields": {"user": 26, "vendor": 8, "content": "New Restraunt", "likes": 6, "dislikes": 0, "created_at": "2023-02-11T10:15:27.362Z", "updated_at": "2023-02-11T10:44:29.091Z", "rating_given": 1}}, {"model": "reviews.vendorreviews", "pk": 13, "fields": {"user": 26, "vendor": 6, "content": "Good food loved it", "likes": 0, "dislikes": 0, "created_at": "2023-02-11T10:57:34.269Z", "updated_at": "2023-02-11T10:57:34.269Z", "rating_given": 3}}, {"model": "reviews.vendorreviews", "pk": 14, "fields": {"user": 26, "vendor": 6, "content": "Good food loved it", "likes": 0, "dislikes": 0, "created_at": "2023-02-11T11:04:01.638Z", "updated_at": "2023-02-11T11:04:01.638Z", "rating_given": 4}}, {"model": "reviews.vendorreviews", "pk": 15, "fields": {"user": 26, "vendor": 6, "content": "Good food loved it", "likes": 0, "dislikes": 0, "created_at": "2023-02-11T11:05:08.831Z", "updated_at": "2023-02-11T11:05:08.831Z", "rating_given": 4}}, {"model": "reviews.vendorreviews", "pk": 16, "fields": {"user": 26, "vendor": 6, "content": "Good and bad", "likes": 0, "dislikes": 0, "created_at": "2023-02-11T11:05:39.310Z", "updated_at": "2023-02-11T11:05:39.310Z", "rating_given": 4}}, {"model": "reviews.vendorreviews", "pk": 17, "fields": {"user": 26, "vendor": 6, "content": "Awsome food", "likes": 0, "dislikes": 0, "created_at": "2023-02-11T11:06:50.218Z", "updated_at": "2023-02-11T11:06:50.218Z", "rating_given": 3}}, {"model": "reviews.vendorreviews", "pk": 18, "fields": {"user": 26, "vendor": 6, "content": "New Restraunt", "likes": 0, "dislikes": 0, "created_at": "2023-02-11T11:11:22.758Z", "updated_at": "2023-02-11T11:11:22.758Z", "rating_given": 1}}, {"model": "reviews.vendorreviews", "pk": 19, "fields": {"user": 26, "vendor": 6, "content": "Worst", "likes": 0, "dislikes": 0, "created_at": "2023-02-11T11:11:55.651Z", "updated_at": "2023-02-11T11:11:55.651Z", "rating_given": 1}}, {"model": "reviews.vendorreviews", "pk": 21, "fields": {"user": 26, "vendor": 6, "content": "Good food loved it", "likes": 0, "dislikes": 0, "created_at": "2023-02-11T11:13:25.813Z", "updated_at": "2023-02-11T11:13:25.813Z", "rating_given": 5}}, {"model": "reviews.vendorreviews", "pk": 22, "fields": {"user": 26, "vendor": 8, "content": "Good food loved it", "likes": 0, "dislikes": 0, "created_at": "2023-02-11T11:18:33.816Z", "updated_at": "2023-02-11T11:18:33.816Z", "rating_given": 5}}, {"model": "reviews.vendorreviews", "pk": 23, "fields": {"user": 26, "vendor": 8, "content": "Worst", "likes": 0, "dislikes": 0, "created_at": "2023-02-11T11:18:58.115Z", "updated_at": "2023-02-11T11:18:58.115Z", "rating_given": 1}}, {"model": "reviews.vendorreviews", "pk": 24, "fields": {"user": 26, "vendor": 3, "content": "Awesome food for this pricepoint", "likes": 0, "dislikes": 0, "created_at": "2023-02-11T12:24:07.756Z", "updated_at": "2023-02-11T12:24:07.756Z", "rating_given": 4}}]